Site,Country,Lat,Long,Formation/Sequence,Min. Age,Max. Age,Mean Age,Age Ref(s).,Faunal Ref(s).,Taxon,Connochaetes gentryi,Connochaetes sp.,Connochaetes taurinus,Megalotragus issaci,Megalotragus cf kattwinkeli,Megalotragus kattwinkeli,Megalotragus sp.,Rusingoryx atopocranion
Amboseli,Kenya,-2.6,37.3,Ol Tukai Beds,0.031,0.049,0.04,-8,-19,Connochaetes taurinus,0,0,1,0,0,0,0,0
Bed I,Tanzania,-2.98,35.3,Olduvai Gorge,1.8,2.038,1.919,-32,"(22, 33-38)",Connochaetes gentryi,1,0,0,0,0,0,0,0
Bed III,Tanzania,-2.98,35.3,Olduvai Gorge,0.8,1.2,1,-39,"(22, 36-38, 40)",Connochaetes taurinus,0,0,1,0,0,1,0,0
Bed III,Tanzania,-2.98,35.3,Olduvai Gorge,0.8,1.2,1,-39,"(22, 36-38, 40)",Megalotragus kattwinkeli,0,0,1,0,0,1,0,0
Bed IV,Tanzania,-2.98,35.3,Olduvai Gorge,0.6,0.8,0.7,-39,"(22, 36-38, 40)",Connochaetes taurinus,0,0,1,0,0,1,0,0
Bed IV,Tanzania,-2.98,35.3,Olduvai Gorge,0.6,0.8,0.7,-39,"(22, 36-38, 40)",Megalotragus kattwinkeli,0,0,1,0,0,1,0,0
Boolihinan,Ethiopia,11.15,40.32,Busidima Fm,1.5,1.7,1.6,-41,-41,Connochaetes taurinus,0,0,1,0,0,0,0,0
C Island,Kenya,-0.81,36.41,Crescent Island,,,0.005,Holocene mean age,-42,Connochaetes taurinus,0,0,1,0,0,0,0,0
Daka,Ethiopia,10.28,40.53,Bouri Fm,0.966,1.04,1.003,-48,"(48, 49)",Connochaetes taurinus,0,0,1,0,0,1,0,0
Daka,Ethiopia,10.28,40.53,Bouri Fm,0.966,1.04,1.003,-48,"(48, 49)",Megalotragus kattwinkeli,0,0,1,0,0,1,0,0
Garba IV,Ethiopia,9.56,39.11,Melka Kunture,0.8,1,0.9,-39,-56,Connochaetes gentryi,1,0,0,0,0,0,0,0
Gombore I,Ethiopia,9.56,39.11,Melka Kunture,1.6,1.7,1.65,-57,-56,Connochaetes gentryi,1,0,0,0,0,0,0,0
GvJm19 Hol,Kenya,-1.47,37.08,Lukenya Hill,,,0.005,Holocene mean age,-42,Connochaetes taurinus,0,0,1,0,0,0,0,0
GvJm19 Pleis,Kenya,-1.47,37.08,Lukenya Hill,,,0.014,-62,-42,Connochaetes taurinus,0,0,1,0,0,0,0,0
GvJm22 Hol,Kenya,-1.47,37.08,Lukenya Hill,,,0.005,Holocene mean age,-42,Connochaetes taurinus,0,0,1,0,0,0,0,0
GvJm22 Pleis,Kenya,-1.47,37.08,Lukenya Hill,0.026,0.046,0.036,-63,-42,Connochaetes taurinus,0,0,1,0,0,0,0,0
GvJm46 Pleis,Kenya,-1.47,37.08,Lukenya Hill,,,0.04,-62,-42,Connochaetes taurinus,0,0,1,0,0,0,0,0
Hata,Ethiopia,10.28,40.53,Bouri Fm,2.5,2.5,2.5,-64,"(60, 64-66)",Connochaetes gentryi,1,0,0,0,0,1,0,0
Hata,Ethiopia,10.28,40.53,Bouri Fm,2.5,2.5,2.5,-64,"(60, 64-66)",Megalotragus kattwinkeli,1,0,0,0,0,1,0,0
Kaitio,Kenya,2.9,36.05,Nachukui Fm,1.55,1.87,1.71,-43,-44,Connochaetes gentryi,1,0,0,0,0,0,1,0
Kaitio,Kenya,2.9,36.05,Nachukui Fm,1.55,1.87,1.71,-43,-44,Megalotragus sp.,1,0,0,0,0,0,1,0
Kalochoro,Kenya,2.9,36.05,Nachukui Fm,1.87,2.33,2.1,-43,-44,Megalotragus sp.,0,0,0,0,0,0,1,0
Karungu,Kenya,-0.83,34.15,-,0.035,0.1,0.068,"(72, 73)",-74,Connochaetes taurinus,0,0,1,0,0,0,1,1
Karungu,Kenya,-0.83,34.15,-,0.035,0.1,0.068,"(72, 73)",-74,Megalotragus sp.,0,0,1,0,0,0,1,1
Karungu,Kenya,-0.83,34.15,-,0.035,0.1,0.068,"(72, 73)",-74,Rusingoryx atopocranion,0,0,1,0,0,0,1,1
KBS,Kenya,4,36.37,Koobi Fora Fm,1.53,1.87,1.7,-43,"(37, 44)",Connochaetes gentryi,1,0,0,1,0,0,0,0
KBS,Kenya,4,36.37,Koobi Fora Fm,1.53,1.87,1.7,-43,"(37, 44)",Megalotragus issaci,1,0,0,1,0,0,0,0
Kibish I,Ethiopia,5,36,Kibish Fm,,,0.198,-75,"(76, 77)",Connochaetes taurinus,0,0,1,0,0,0,0,0
Kibish III,Ethiopia,5,36,Kibish Fm,,,0.104,-75,"(76, 77)",Connochaetes taurinus,0,0,1,0,0,0,0,0
Kibish IV,Ethiopia,5,36,Kibish Fm,0.008,0.012,0.01,-75,"(76, 77)",Connochaetes taurinus,0,0,1,0,0,0,0,0
Konso 1,Ethiopia,5.3,37.4,Konso Fm,1.8,1.9,1.85,-78,-78,Connochaetes gentryi,1,0,0,0,0,0,0,0
Konso 3,Ethiopia,5.3,37.4,Konso Fm,1.5,1.6,1.55,-78,-78,Connochaetes gentryi,1,0,0,0,0,0,0,0
Konso 4,Ethiopia,5.3,37.4,Konso Fm,1.4,1.5,1.45,-78,-78,Connochaetes gentryi,1,0,0,0,0,0,0,0
Konso 5,Ethiopia,5.3,37.4,Konso Fm,1.3,1.4,1.35,-78,-78,Connochaetes gentryi,1,0,0,0,0,0,0,0
Konso 6,Ethiopia,5.3,37.4,Konso Fm,0.7,1.3,1,-78,-78,Connochaetes sp.,0,1,0,0,0,0,0,0
Lainyamok,Kenya,-1.79,36.2,-,0.32,0.39,0.355,-79,-30,Connochaetes taurinus,0,0,1,0,0,0,0,0
Lokochot,Kenya,4,36.37,Koobi Fora Fm,3.44,3.6,3.52,-43,"(37, 44)",Connochaetes gentryi,1,0,0,0,0,0,1,0
Lokochot,Kenya,4,36.37,Koobi Fora Fm,3.44,3.6,3.52,-43,"(37, 44)",Megalotragus sp.,1,0,0,0,0,0,1,0
Lower Bed II,Tanzania,-2.98,35.3,Olduvai Gorge,1.74,1.79,1.765,-83,"(36, 83)",Connochaetes gentryi,1,0,0,0,0,1,0,0
Lower Bed II,Tanzania,-2.98,35.3,Olduvai Gorge,1.74,1.79,1.765,-83,"(36, 83)",Megalotragus kattwinkeli,1,0,0,0,0,1,0,0
Lower Lomekwi,Kenya,2.9,36.05,Nachukui Fm,3.13,3.44,3.285,-43,"(22, 44)",Megalotragus sp.,0,0,0,0,0,0,1,0
Luanda,Kenya,0.02,34.59,Luanda,,,0.005,Holocene mean age,-42,Connochaetes taurinus,0,0,1,0,0,0,0,0
Marula,Kenya,-0.78,36.22,Marula Rockshelter,,,0.005,Holocene mean age,-42,Connochaetes taurinus,0,0,1,0,0,0,0,0
Mb G,Ethiopia,5,36,Shungura Fm,1.87,2.27,2.07,-43,"(22, 38, 66)",Megalotragus kattwinkeli,0,0,0,0,0,1,0,0
Mb K,Ethiopia,5,36,Shungura Fm,1.38,1.53,1.455,-43,"(22, 38)",Megalotragus kattwinkeli,0,1,0,0,0,1,0,0
Mb L,Ethiopia,5,36,Shungura Fm,1,1.38,1.19,-43,"(22, 38)",Megalotragus kattwinkeli,0,0,0,0,0,1,0,0
Mfangano,Kenya,-0.47,34.07,Waware Beds,0.035,0.1,0.068,"(72, 73)",-86,Connochaetes taurinus,0,0,1,0,0,0,0,1
Mfangano,Kenya,-0.47,34.07,Waware Beds,0.035,0.1,0.068,"(72, 73)",-86,Rusingoryx atopocranion,0,0,1,0,0,0,0,1
Middle Lomekwi,Kenya,2.9,36.05,Nachukui Fm,2.82,3.13,2.975,"(43) Interpolation
(Division of Mb into
three units)","(22, 44)",Megalotragus sp.,0,0,0,0,0,0,1,0
Naivasha RW,Kenya,-0.81,36.41,Naivasha Railway Rock Shelter,,,0.005,Holocene mean age,-42,Connochaetes taurinus,0,0,1,0,0,0,0,0
Nariokotome,Kenya,2.9,36.05,Nachukui Fm,0.75,1.3,1.025,-43,-44,Megalotragus sp.,0,0,0,0,0,0,1,0
Narosura,Kenya,-1.54,35.86,Narosura,,,0.005,Holocene mean age,-42,Connochaetes taurinus,0,0,1,0,0,0,0,0
Natoo,Kenya,2.9,36.05,Nachukui Fm,1.3,1.55,1.425,-43,-44,Connochaetes gentryi,1,0,0,0,0,0,1,0
Natoo,Kenya,2.9,36.05,Nachukui Fm,1.3,1.55,1.425,-43,-44,Megalotragus sp.,1,0,0,0,0,0,1,0
Ngenyn 3,Kenya,0.6,36.01,Ngenyn,,,0.005,Holocene mean age,-42,Connochaetes taurinus,0,0,1,0,0,0,0,0
Okote,Kenya,4,36.37,Koobi Fora Fm,1.38,1.53,1.455,-43,"(37, 44)",Connochaetes gentryi,1,0,0,1,0,0,1,0
Okote,Kenya,4,36.37,Koobi Fora Fm,1.38,1.53,1.455,-43,"(37, 44)",Megalotragus issaci,1,0,0,1,0,0,1,0
Okote,Kenya,4,36.37,Koobi Fora Fm,1.38,1.53,1.455,-43,"(37, 44)",Megalotragus sp.,1,0,0,1,0,0,1,0
Olorgesailie,Kenya,-1.58,36.43,Olorgesailie Fm,0.5,1,0.75,-89,-88,Connochaetes sp.,0,1,0,0,0,0,1,0
Olorgesailie,Kenya,-1.58,36.43,Olorgesailie Fm,0.5,1,0.75,-89,-88,Megalotragus sp.,0,1,0,0,0,0,1,0
Prolonged Drift,Kenya,-0.49,36.09,Prolonged Drift,,,0.005,Holocene mean age,-42,Connochaetes taurinus,0,0,1,0,0,0,0,0
Rusinga,Kenya,-0.41,34.18,Wasiriya Beds,0.035,0.1,0.068,"(72, 73)",-86,Connochaetes taurinus,0,0,1,0,0,0,1,1
Rusinga,Kenya,-0.41,34.18,Wasiriya Beds,0.035,0.1,0.068,"(72, 73)",-86,Megalotragus sp.,0,0,1,0,0,0,1,1
Rusinga,Kenya,-0.41,34.18,Wasiriya Beds,0.035,0.1,0.068,"(72, 73)",-86,Rusingoryx atopocranion,0,0,1,0,0,0,1,1
Shulumai,Kenya,-0.1,37.29,Shulumai Rockshelter,,,0.005,Holocene mean age,-42,Connochaetes taurinus,0,0,1,0,0,0,0,0
South Turkwell,Kenya,2.9,36.05,Nachukui Fm,3.2,3.58,3.39,-90,-38,Megalotragus sp.,0,0,0,0,0,0,1,0
Tulu Bor,Kenya,4,36.37,Koobi Fora Fm,2.64,3.44,3.04,-43,"(37, 44)",Megalotragus sp.,0,0,0,0,0,0,1,0
Upper Bed II,Tanzania,-2.98,35.3,Olduvai Gorge,1.2,1.74,1.47,-83,"(36, 83)",Connochaetes taurinus,0,0,1,0,0,1,0,0
Upper Bed II,Tanzania,-2.98,35.3,Olduvai Gorge,1.2,1.74,1.47,-83,"(36, 83)",Megalotragus kattwinkeli,0,0,1,0,0,1,0,0
Upper Burgi,Kenya,4,36.37,Koobi Fora Fm,1.87,2,1.935,-43,"(37, 44)",Connochaetes gentryi,1,0,0,1,0,0,1,0
Upper Burgi,Kenya,4,36.37,Koobi Fora Fm,1.87,2,1.935,-43,"(37, 44)",Megalotragus issaci,1,0,0,1,0,0,1,0
Upper Burgi,Kenya,4,36.37,Koobi Fora Fm,1.87,2,1.935,-43,"(37, 44)",Megalotragus sp.,1,0,0,1,0,0,1,0
Upper Lomekwi,Kenya,2.9,36.05,Nachukui Fm,2.53,2.82,2.675,-43,-44,Connochaetes gentryi,1,0,0,0,0,0,0,0
Upper Ndolanya,Tanzania,-3.2,35.2,Ndolanya Beds,2.66,2.66,2.66,-81,-82,Connochaetes sp.,0,1,0,0,0,0,1,0
Upper Ndolanya,Tanzania,-3.2,35.2,Ndolanya Beds,2.66,2.66,2.66,-81,-82,Megalotragus sp.,0,1,0,0,0,0,1,0
