Species,Ref_Mapping,Reads_bam,Ref_Satsuma,SampleID,SampleID2,Attribute,Cov_autosomes,Cov_Xchr,Ratio,ProposedSex
Connochaetes sp.,GCA_006408615.1_BWD,"2,338,906",CattleX_CattleY,936,CGG_1_024411,Bootstrap1,0.0407071,0.0263998,0.648531,M
Connochaetes sp.,GCA_006408615.1_BWD,"2,338,906",CattleX_CattleY,936,CGG_1_024411,Bootstrap2,0.0407271,0.0263608,0.647255,M
Connochaetes sp.,GCA_006408615.1_BWD,"2,338,906",CattleX_CattleY,936,CGG_1_024411,Bootstrap3,0.0409083,0.0262645,0.642034,M
Connochaetes sp.,GCA_006408615.1_BWD,"2,338,906",CattleX_CattleY,936,CGG_1_024411,Bootstrap4,0.0406483,0.0262958,0.64691,M
Connochaetes sp.,GCA_006408615.1_BWD,"2,338,906",CattleX_CattleY,936,CGG_1_024411,Bootstrap5,0.0405595,0.026332,0.649219,M
Connochaetes sp.,GCA_006408615.1_BWD,"2,338,906",CattleX_CattleY,936,CGG_1_024411,Bootstrap6,0.0405469,0.0263057,0.648772,M
Connochaetes sp.,GCA_006408615.1_BWD,"2,338,906",CattleX_CattleY,936,CGG_1_024411,Bootstrap7,0.0407433,0.0263715,0.64726,M
Connochaetes sp.,GCA_006408615.1_BWD,"2,338,906",CattleX_CattleY,936,CGG_1_024411,Bootstrap8,0.0408201,0.026228,0.642527,M
Connochaetes sp.,GCA_006408615.1_BWD,"2,338,906",CattleX_CattleY,936,CGG_1_024411,Bootstrap9,0.0407201,0.0263038,0.645966,M
Connochaetes sp.,GCA_006408615.1_BWD,"2,338,906",CattleX_CattleY,936,CGG_1_024411,Bootstrap10,0.0406975,0.0263411,0.647241,M
