End,Pos,SeqID,GtoA_mean,CtoT_mean
3p,1,277_damaged,0.0054636980823378044,0.35602842823727643
3p,2,277_damaged,0.004867330906099541,0.14040792479928332
3p,3,277_damaged,0.00454615819532052,0.06031405925377467
3p,4,277_damaged,0.004312544834192751,0.029854864718818507
3p,5,277_damaged,0.0041779681573404,0.01814360231352124
3p,6,277_damaged,0.004130258342429192,0.013666939201242524
3p,7,277_damaged,0.004143431296587105,0.011912694439342095
3p,8,277_damaged,0.004092498279776029,0.0112446731870046
3p,9,277_damaged,0.003937259337991767,0.010827358983806662
3p,10,277_damaged,0.0039973762088688965,0.010837938020302338
3p,11,277_damaged,0.003935222883331159,0.010708647665667238
3p,12,277_damaged,0.0039158279361780355,0.010731052609823348
3p,13,277_damaged,0.0039289798225260715,0.010705865670436385
3p,14,277_damaged,0.0039026307102477285,0.010693758533912922
3p,15,277_damaged,0.0039064805681182846,0.010730482260541487
3p,16,277_damaged,0.003916766846516389,0.010768299250955859
3p,17,277_damaged,0.003901519327308107,0.010674659943151548
3p,18,277_damaged,0.003883396692921301,0.010671503026550892
3p,19,277_damaged,0.003908231118202445,0.010699143426503539
3p,20,277_damaged,0.0038924737362490717,0.010673227800747222
3p,21,277_damaged,0.0038659068298014148,0.01063970084924057
3p,22,277_damaged,0.003872842083718571,0.010702889905587817
3p,23,277_damaged,0.0038902227044257586,0.01070086549867017
3p,24,277_damaged,0.003899703350812512,0.010707010086071833
3p,25,277_damaged,0.003922666752148987,0.010739417316535304
3p,26,277_damaged,0.003920324240535587,0.010720114557370215
3p,27,277_damaged,0.003951144908112943,0.010735033323221226
3p,28,277_damaged,0.003909377999699131,0.010708192878744046
3p,29,277_damaged,0.0039218902388651914,0.010724125219030604
3p,30,277_damaged,0.0038965863385965246,0.010696811075659509
3p,31,277_damaged,0.0039036601914569143,0.01071744765033749
3p,32,277_damaged,0.003879652348812704,0.010730567900585755
3p,33,277_damaged,0.0039677728293241055,0.010767170981894836
3p,34,277_damaged,0.003979580356806662,0.010776321839814541
3p,35,277_damaged,0.004138085694310308,0.010750549034924848
3p,36,277_damaged,0.004288789985782448,0.01092015212864639
3p,37,277_damaged,0.004572064140230119,0.012367433092144525
3p,38,277_damaged,0.005164984743236438,0.020163911891203267
3p,39,277_damaged,0.0068317061562280755,0.059719486712104496
3p,40,277_damaged,0.01110907372396304,0.2770388956030262
3p,41,277_damaged,0.012009503029363955,0.2066900964619548
3p,42,277_damaged,0.007797209914231547,0.16057190179375086
3p,43,277_damaged,0,0
3p,44,277_damaged,NA,NA
3p,45,277_damaged,NA,NA
3p,46,277_damaged,NA,NA
3p,47,277_damaged,NA,NA
3p,48,277_damaged,NA,NA
3p,49,277_damaged,NA,NA
3p,50,277_damaged,NA,NA
3p,51,277_damaged,NA,NA
3p,52,277_damaged,NA,NA
3p,53,277_damaged,NA,NA
3p,54,277_damaged,NA,NA
3p,55,277_damaged,NA,NA
3p,56,277_damaged,NA,NA
3p,57,277_damaged,NA,NA
3p,58,277_damaged,NA,NA
3p,59,277_damaged,NA,NA
3p,60,277_damaged,NA,NA
3p,61,277_damaged,NA,NA
3p,62,277_damaged,NA,NA
3p,63,277_damaged,NA,NA
3p,64,277_damaged,NA,NA
3p,65,277_damaged,NA,NA
3p,66,277_damaged,NA,NA
3p,67,277_damaged,NA,NA
3p,68,277_damaged,NA,NA
3p,69,277_damaged,NA,NA
3p,70,277_damaged,NA,NA
5p,1,277_damaged,0.011119424319400134,0.2776989013583394
5p,2,277_damaged,0.006835971446033361,0.05984300287150901
5p,3,277_damaged,0.005167649089471241,0.0201902719041233
5p,4,277_damaged,0.004571337784503881,0.012372708039393908
5p,5,277_damaged,0.004290060093611995,0.01091871771218909
5p,6,277_damaged,0.004142439157816907,0.010750279732925323
5p,7,277_damaged,0.003978204597694409,0.010777280041069166
5p,8,277_damaged,0.003967811777980847,0.01076596504011907
5p,9,277_damaged,0.0038796050530599253,0.01073125185840725
5p,10,277_damaged,0.0039042251960821435,0.010717130773300582
5p,11,277_damaged,0.0038974222541803974,0.01069673617012194
5p,12,277_damaged,0.003919315471043186,0.01072459177387276
5p,13,277_damaged,0.0039111624768210776,0.010709664063752435
5p,14,277_damaged,0.003951455980638655,0.010734015832825081
5p,15,277_damaged,0.003918376756427854,0.010719771618242998
5p,16,277_damaged,0.0039236905823062974,0.0107389751246879
5p,17,277_damaged,0.003900580370849107,0.010706467759441129
5p,18,277_damaged,0.003890467954364453,0.010698950537378104
5p,19,277_damaged,0.0038716004103572805,0.010707447059353396
5p,20,277_damaged,0.0038660503251677055,0.010637526915275268
5p,21,277_damaged,0.0038919467363591077,0.01067472560927199
5p,22,277_damaged,0.003909015407287402,0.01069607788731569
5p,23,277_damaged,0.003882869102347788,0.010672011420801635
5p,24,277_damaged,0.0039016001594152526,0.010673869336208758
5p,25,277_damaged,0.003917457683981769,0.010770875534162932
5p,26,277_damaged,0.0039054829764933125,0.010730201366866358
5p,27,277_damaged,0.0039030306557422236,0.010694146979914106
5p,28,277_damaged,0.00392865791786603,0.010703591608462789
5p,29,277_damaged,0.003915928913268078,0.010733778697092246
5p,30,277_damaged,0.003934555298545871,0.010708120774819637
5p,31,277_damaged,0.0039976669678188255,0.010837602628976739
5p,32,277_damaged,0.00393826584651818,0.010829201421456828
5p,33,277_damaged,0.004092379521486111,0.011242804064457917
5p,34,277_damaged,0.004143883815675862,0.011910100955961948
5p,35,277_damaged,0.004129292616382762,0.013659983441635276
5p,36,277_damaged,0.004177214502961367,0.018133905530475947
5p,37,277_damaged,0.004312508565847119,0.029818161232203044
5p,38,277_damaged,0.0045441906074578705,0.060224328885848964
5p,39,277_damaged,0.0048649054133193355,0.14015696690953666
5p,40,277_damaged,0.005461636847918474,0.3553347195512251
5p,41,277_damaged,0.008580282204473006,0.2741823708025449
5p,42,277_damaged,0.0053711281325060835,0.22387956034642031
5p,43,277_damaged,0,0
5p,44,277_damaged,NA,NA
5p,45,277_damaged,NA,NA
5p,46,277_damaged,NA,NA
5p,47,277_damaged,NA,NA
5p,48,277_damaged,NA,NA
5p,49,277_damaged,NA,NA
5p,50,277_damaged,NA,NA
5p,51,277_damaged,NA,NA
5p,52,277_damaged,NA,NA
5p,53,277_damaged,NA,NA
5p,54,277_damaged,NA,NA
5p,55,277_damaged,NA,NA
5p,56,277_damaged,NA,NA
5p,57,277_damaged,NA,NA
5p,58,277_damaged,NA,NA
5p,59,277_damaged,NA,NA
5p,60,277_damaged,NA,NA
5p,61,277_damaged,NA,NA
5p,62,277_damaged,NA,NA
5p,63,277_damaged,NA,NA
5p,64,277_damaged,NA,NA
5p,65,277_damaged,NA,NA
5p,66,277_damaged,NA,NA
5p,67,277_damaged,NA,NA
5p,68,277_damaged,NA,NA
5p,69,277_damaged,NA,NA
5p,70,277_damaged,NA,NA
3p,1,SCR116_DeepSeq,0.004600692694803591,0.38656069636149915
3p,2,SCR116_DeepSeq,0.004841453295015931,0.1810072408028975
3p,3,SCR116_DeepSeq,0.0037439879428750196,0.04150014248235495
3p,4,SCR116_DeepSeq,0.0035261104923872185,0.029715337682688317
3p,5,SCR116_DeepSeq,0.0032385113402597825,0.022967483688293117
3p,6,SCR116_DeepSeq,0.0031177097051874763,0.018246158076913165
3p,7,SCR116_DeepSeq,0.00305615443823016,0.015282484634481753
3p,8,SCR116_DeepSeq,0.0031204151106866296,0.013411220690407233
3p,9,SCR116_DeepSeq,0.0030695080374659803,0.012559782565452588
3p,10,SCR116_DeepSeq,0.002999292325634532,0.011499212791169482
3p,11,SCR116_DeepSeq,0.0029735102653635553,0.010710318192652349
3p,12,SCR116_DeepSeq,0.0029707772864521658,0.01019479369327865
3p,13,SCR116_DeepSeq,0.002930092594709362,0.01004058759979768
3p,14,SCR116_DeepSeq,0.0029578285524005272,0.0100792624449241
3p,15,SCR116_DeepSeq,0.0029508465429923044,0.010114933845389628
3p,16,SCR116_DeepSeq,0.002950509865952462,0.010184054433996052
3p,17,SCR116_DeepSeq,0.0029285117875584334,0.010140962538729068
3p,18,SCR116_DeepSeq,0.0029253055169560886,0.010189454136600459
3p,19,SCR116_DeepSeq,0.0028887687582755533,0.010264278947049933
3p,20,SCR116_DeepSeq,0.002891375414126641,0.010441331145096105
3p,21,SCR116_DeepSeq,0.002874296898333008,0.010662309820294799
3p,22,SCR116_DeepSeq,0.0028819878699217127,0.010644377399811198
3p,23,SCR116_DeepSeq,0.002912831055549602,0.010895891226226284
3p,24,SCR116_DeepSeq,0.0029291777811890443,0.011157685075281934
3p,25,SCR116_DeepSeq,0.002914292691918916,0.01174552691436812
3p,26,SCR116_DeepSeq,0.0029231430180411007,0.012111650563285142
3p,27,SCR116_DeepSeq,0.0029341931960422925,0.012972954524502808
3p,28,SCR116_DeepSeq,0.002959946994664465,0.01432978828713761
3p,29,SCR116_DeepSeq,0.003075985874013636,0.017426675582255184
3p,30,SCR116_DeepSeq,0.0034152870696809974,0.03370502375226217
3p,31,SCR116_DeepSeq,0.0033708748649610163,0.03663674465137075
3p,32,SCR116_DeepSeq,0.0033634154350532233,0.03922478668564153
3p,33,SCR116_DeepSeq,0.0033097868797135367,0.04187937037063047
3p,34,SCR116_DeepSeq,0.003322492997871283,0.04427848953675523
3p,35,SCR116_DeepSeq,0.003322609326663316,0.046474895903378347
3p,36,SCR116_DeepSeq,0.0033856896437860252,0.04875085658254072
3p,37,SCR116_DeepSeq,0.0033822210469392775,0.05069412772298472
3p,38,SCR116_DeepSeq,0.003405087178779705,0.053092621827242614
3p,39,SCR116_DeepSeq,0.003493670109433423,0.05501894942312584
3p,40,SCR116_DeepSeq,0.0034141607703700996,0.05731373275778406
3p,41,SCR116_DeepSeq,0.0035134135846302027,0.059942686681935836
3p,42,SCR116_DeepSeq,0.0035607950074722844,0.06474244726066772
3p,43,SCR116_DeepSeq,0.0035889515126910944,0.06591596467143207
3p,44,SCR116_DeepSeq,0.0035371668997940574,0.06705545536322793
3p,45,SCR116_DeepSeq,0.0035885722707913554,0.06814957667007665
3p,46,SCR116_DeepSeq,0.003564052033296823,0.06914611074010212
3p,47,SCR116_DeepSeq,0.003630070800840777,0.06997157045439692
3p,48,SCR116_DeepSeq,0.0035239922385808895,0.07045821529339655
3p,49,SCR116_DeepSeq,0.003575758379370395,0.07116167794785985
3p,50,SCR116_DeepSeq,0.0034566209614321046,0.07145058731803289
3p,51,SCR116_DeepSeq,0.0035151817633378556,0.07183257812414356
3p,52,SCR116_DeepSeq,0.003486025547788595,0.07204651669967999
3p,53,SCR116_DeepSeq,0.003400628596033667,0.072481959212408
3p,54,SCR116_DeepSeq,0.003428318364608449,0.07283413048665961
3p,55,SCR116_DeepSeq,0.003536889114895004,0.0722971401295987
3p,56,SCR116_DeepSeq,0.0033939953200717897,0.07254166105450216
3p,57,SCR116_DeepSeq,0.0035635690630133605,0.07213751331665094
3p,58,SCR116_DeepSeq,0.00340737332021538,0.07124089739944117
3p,59,SCR116_DeepSeq,0.0033778589521520643,0.072183892249149
3p,60,SCR116_DeepSeq,0.003405991773141601,0.07142008894471849
3p,61,SCR116_DeepSeq,0.0034160024826375758,0.07168361368555456
3p,62,SCR116_DeepSeq,0.0035339509050171087,0.07191188723071631
3p,63,SCR116_DeepSeq,0.0034044543391431184,0.0730035281855642
3p,64,SCR116_DeepSeq,0.0036695551515332878,0.07448609216237723
3p,65,SCR116_DeepSeq,0.003600310060225859,0.07361256218852019
3p,66,SCR116_DeepSeq,0.0035005361780892875,0.072537705386123
3p,67,SCR116_DeepSeq,0.0035008665235776925,0.07188969477092744
3p,68,SCR116_DeepSeq,0.003554201042621746,0.07183495352994555
3p,69,SCR116_DeepSeq,0.0033568525187594915,0.07009503149556387
3p,70,SCR116_DeepSeq,0.00336096770826171,0.0682043735440547
5p,1,SCR116_DeepSeq,0.009427287266054993,0.33963579187602566
5p,2,SCR116_DeepSeq,0.005439004575544271,0.08091326668026502
5p,3,SCR116_DeepSeq,0.0034376178452571694,0.04397348446061014
5p,4,SCR116_DeepSeq,0.003080333581172853,0.028451790341681528
5p,5,SCR116_DeepSeq,0.003017986194120024,0.021460773679113032
5p,6,SCR116_DeepSeq,0.002985963162427406,0.01722075075132505
5p,7,SCR116_DeepSeq,0.0030086370981493946,0.014430855102889946
5p,8,SCR116_DeepSeq,0.002991200094942248,0.012718806031881733
5p,9,SCR116_DeepSeq,0.0029658350703341938,0.011380632515190845
5p,10,SCR116_DeepSeq,0.002957440921992057,0.010569757049949363
5p,11,SCR116_DeepSeq,0.002917495937879399,0.010155274336553844
5p,12,SCR116_DeepSeq,0.0029285098840217735,0.010072315249918539
5p,13,SCR116_DeepSeq,0.0029483516714387432,0.010111683598465239
5p,14,SCR116_DeepSeq,0.0029055720856111696,0.010080539641281258
5p,15,SCR116_DeepSeq,0.002911470932883561,0.010168226908584613
5p,16,SCR116_DeepSeq,0.002926546373609987,0.010228387988162918
5p,17,SCR116_DeepSeq,0.002879347194244706,0.010364777653258214
5p,18,SCR116_DeepSeq,0.0028773145971842115,0.01033612912294797
5p,19,SCR116_DeepSeq,0.0028774527442365417,0.010500613733022881
5p,20,SCR116_DeepSeq,0.0029130544997041405,0.010511357222072372
5p,21,SCR116_DeepSeq,0.0028949917652969625,0.010692307028617981
5p,22,SCR116_DeepSeq,0.0028919999121057643,0.01080516428622847
5p,23,SCR116_DeepSeq,0.0029574959873113153,0.011116357507596025
5p,24,SCR116_DeepSeq,0.002949276884713914,0.011389847702359028
5p,25,SCR116_DeepSeq,0.0029370652322769043,0.011785701743332582
5p,26,SCR116_DeepSeq,0.002975709476774641,0.012396882180867735
5p,27,SCR116_DeepSeq,0.0030148287657527895,0.013257694701564824
5p,28,SCR116_DeepSeq,0.0030866845418197203,0.014592088171941762
5p,29,SCR116_DeepSeq,0.003161284446707732,0.02230959845997044
5p,30,SCR116_DeepSeq,0.0032797201970139406,0.04170144261523378
5p,31,SCR116_DeepSeq,0.0032459962361399064,0.04546334021435184
5p,32,SCR116_DeepSeq,0.0031420068324499585,0.04914840949478347
5p,33,SCR116_DeepSeq,0.0031662931007644898,0.05241708662528442
5p,34,SCR116_DeepSeq,0.003099010586926294,0.0555840329309443
5p,35,SCR116_DeepSeq,0.0030972762814682753,0.058202117067421386
5p,36,SCR116_DeepSeq,0.003156305694078593,0.06092920165963705
5p,37,SCR116_DeepSeq,0.003148157962618147,0.06370542042511951
5p,38,SCR116_DeepSeq,0.0031142106573814306,0.06619005998311123
5p,39,SCR116_DeepSeq,0.003182637064604269,0.06857456673490489
5p,40,SCR116_DeepSeq,0.003197995356116095,0.07125727757762026
5p,41,SCR116_DeepSeq,0.0032679404995075412,0.07465320816402336
5p,42,SCR116_DeepSeq,0.0032534603910553813,0.07931244686405187
5p,43,SCR116_DeepSeq,0.003252507673603625,0.08077213128367713
5p,44,SCR116_DeepSeq,0.003283496276519044,0.0824363866041156
5p,45,SCR116_DeepSeq,0.003394984424083032,0.08380231834968357
5p,46,SCR116_DeepSeq,0.003124187174143604,0.08486387474290964
5p,47,SCR116_DeepSeq,0.003155921796435994,0.08501243582011316
5p,48,SCR116_DeepSeq,0.003206771739656151,0.08614546205618413
5p,49,SCR116_DeepSeq,0.003151380473349081,0.0867077052475507
5p,50,SCR116_DeepSeq,0.0031031046132923446,0.08725820901381484
5p,51,SCR116_DeepSeq,0.003219525687715277,0.08745008586228556
5p,52,SCR116_DeepSeq,0.0031612207171737823,0.08816933252077316
5p,53,SCR116_DeepSeq,0.003069546089751866,0.08770145497647756
5p,54,SCR116_DeepSeq,0.0031482960292190188,0.0878057213625798
5p,55,SCR116_DeepSeq,0.0030704378995814823,0.08805323127901439
5p,56,SCR116_DeepSeq,0.0030266574531559913,0.08777019986316495
5p,57,SCR116_DeepSeq,0.0031531596689186496,0.08776333195638669
5p,58,SCR116_DeepSeq,0.0031409606709670206,0.08737486225955937
5p,59,SCR116_DeepSeq,0.0030198424048479278,0.08654016536022749
5p,60,SCR116_DeepSeq,0.0031753504743871268,0.08643657546513583
5p,61,SCR116_DeepSeq,0.0029476559014050985,0.08695390526006755
5p,62,SCR116_DeepSeq,0.0029343378351571244,0.08570966215067224
5p,63,SCR116_DeepSeq,0.003020919360453159,0.08736694570223524
5p,64,SCR116_DeepSeq,0.0030870353229641235,0.08914073651110856
5p,65,SCR116_DeepSeq,0.0029657700424213476,0.08691439372184888
5p,66,SCR116_DeepSeq,0.0031267528813970213,0.08744126379463193
5p,67,SCR116_DeepSeq,0.003227463969742208,0.08465583608092023
5p,68,SCR116_DeepSeq,0.002971618367907519,0.08457813154186147
5p,69,SCR116_DeepSeq,0.002973674118881381,0.08340949031145964
5p,70,SCR116_DeepSeq,0.002929311271266701,0.08324809768492442
3p,1,SCR116_Screening,0.00478356033669166,0.3884046874682463
3p,2,SCR116_Screening,0.004792822465225921,0.18290356929941248
3p,3,SCR116_Screening,0.003617083565058754,0.04185570153173833
3p,4,SCR116_Screening,0.0037904063578754893,0.030325073111514486
3p,5,SCR116_Screening,0.0032990780156509606,0.023339096366454856
3p,6,SCR116_Screening,0.00288188594152173,0.01793110676053538
3p,7,SCR116_Screening,0.002884344568379583,0.015682507340570032
3p,8,SCR116_Screening,0.0034128599783839,0.013963093873274561
3p,9,SCR116_Screening,0.0028816872471571684,0.012329700555446806
3p,10,SCR116_Screening,0.0031474993896191622,0.012298354898302638
3p,11,SCR116_Screening,0.002703803230494927,0.011196686096930497
3p,12,SCR116_Screening,0.0030086987803724253,0.010481256448834094
3p,13,SCR116_Screening,0.0031492175175888352,0.010076514898481381
3p,14,SCR116_Screening,0.003176475829451977,0.010277055203773807
3p,15,SCR116_Screening,0.002801342833683886,0.010001409789477767
3p,16,SCR116_Screening,0.002944591447031814,0.010445384625415796
3p,17,SCR116_Screening,0.0027738120604903866,0.010756002841683193
3p,18,SCR116_Screening,0.0026726236418090233,0.010427146334579689
3p,19,SCR116_Screening,0.0029525081171749945,0.011229075382587186
3p,20,SCR116_Screening,0.002897088649426639,0.011047183624806282
3p,21,SCR116_Screening,0.0025293501714430916,0.010232946230933643
3p,22,SCR116_Screening,0.002973562805352755,0.010864534901350129
3p,23,SCR116_Screening,0.003014098425548288,0.0117507382416759
3p,24,SCR116_Screening,0.002907122543774827,0.0112580971573718
3p,25,SCR116_Screening,0.002981577182760581,0.012710846761051796
3p,26,SCR116_Screening,0.0027186521328053668,0.01325767785919586
3p,27,SCR116_Screening,0.0028833811693393515,0.012722538535403543
3p,28,SCR116_Screening,0.002652775894822949,0.015260753239347394
3p,29,SCR116_Screening,0.0032546900688513675,0.017665448593580373
3p,30,SCR116_Screening,0.0036565206051471844,0.0326727735243654
3p,31,SCR116_Screening,0.0030363757389908026,0.03467866744213289
3p,32,SCR116_Screening,0.003037249247804602,0.037998930095026945
3p,33,SCR116_Screening,0.003280894821310769,0.040454847966612126
3p,34,SCR116_Screening,0.003538827488791487,0.04367476038132283
3p,35,SCR116_Screening,0.003283788206410814,0.04455967544281055
3p,36,SCR116_Screening,0.0032661444167781726,0.04755367562623403
3p,37,SCR116_Screening,0.003516432750220427,0.049483802539240715
3p,38,SCR116_Screening,0.0033012083556971223,0.052020371026204694
3p,39,SCR116_Screening,0.003182121928871226,0.05364579778975073
3p,40,SCR116_Screening,0.003765358072562157,0.056229529414520335
3p,41,SCR116_Screening,0.0034904912442534526,0.057393068041779516
3p,42,SCR116_Screening,0.0032488211438289477,0.06259336244293945
3p,43,SCR116_Screening,0.003424494013130072,0.06445805243341918
3p,44,SCR116_Screening,0.003832391332853002,0.06476345934456457
3p,45,SCR116_Screening,0.0036058764059520064,0.06363284027215121
3p,46,SCR116_Screening,0.003136267803424644,0.06620523653627802
3p,47,SCR116_Screening,0.003711961908698062,0.0664978296103991
3p,48,SCR116_Screening,0.004254857190546983,0.06712280318750669
3p,49,SCR116_Screening,0.0028504845224364404,0.06730876326072385
3p,50,SCR116_Screening,0.003318809057910396,0.06925609792326098
3p,51,SCR116_Screening,0.0029994925703188536,0.06961301431689881
3p,52,SCR116_Screening,0.0030507564304039017,0.06975233458393644
3p,53,SCR116_Screening,0.003210691178131915,0.06920263103232924
3p,54,SCR116_Screening,0.003283366536177169,0.07070530384644856
3p,55,SCR116_Screening,0.0031009044771124193,0.06852093909599302
3p,56,SCR116_Screening,0.004211828452926966,0.06862299024546514
3p,57,SCR116_Screening,0.003102031682092105,0.07166546650234398
3p,58,SCR116_Screening,0.0020210098673277685,0.06659668561374002
3p,59,SCR116_Screening,0.003700474048207951,0.07512450807387527
3p,60,SCR116_Screening,0.0038266187686348254,0.0718989823233605
3p,61,SCR116_Screening,0.002993995019795033,0.06974931566733321
3p,62,SCR116_Screening,0.0034446148232421528,0.06324336705947041
3p,63,SCR116_Screening,0.00247925339443834,0.06969986394312642
3p,64,SCR116_Screening,0.004647184298220761,0.07268451032335715
3p,65,SCR116_Screening,0.003244296660230561,0.07335694004180632
3p,66,SCR116_Screening,0.002009102009102009,0.06800927093121863
3p,67,SCR116_Screening,0.003887832504629408,0.06989735913610606
3p,68,SCR116_Screening,0.004340172841424341,0.06966593233828569
3p,69,SCR116_Screening,0.0034607270481858783,0.06756193726542598
3p,70,SCR116_Screening,0.002617895101286247,0.06014884565792322
5p,1,SCR116_Screening,0.009088590738844608,0.34587930091353813
5p,2,SCR116_Screening,0.005288578529952433,0.08370889892080355
5p,3,SCR116_Screening,0.003349607555328136,0.04655231416647726
5p,4,SCR116_Screening,0.003178218862014721,0.02939030793609791
5p,5,SCR116_Screening,0.003120851896511188,0.02151646156858568
5p,6,SCR116_Screening,0.003237303173544039,0.017436584789524378
5p,7,SCR116_Screening,0.0030229438732443286,0.01507900853082865
5p,8,SCR116_Screening,0.0031748318252881476,0.013187998550230581
5p,9,SCR116_Screening,0.0027136442553046063,0.011736813758880256
5p,10,SCR116_Screening,0.0028099223706044905,0.011090502956526587
5p,11,SCR116_Screening,0.00299524842596523,0.010601150941376493
5p,12,SCR116_Screening,0.002649137068730141,0.010565085566258119
5p,13,SCR116_Screening,0.002656222577136583,0.010553496221569817
5p,14,SCR116_Screening,0.0032651503995665128,0.01061651904824282
5p,15,SCR116_Screening,0.002932898324848287,0.010445938542790585
5p,16,SCR116_Screening,0.0029114487214849487,0.010908363003452846
5p,17,SCR116_Screening,0.0027871167134441237,0.010591682896684716
5p,18,SCR116_Screening,0.0029401239864950265,0.010780725494379174
5p,19,SCR116_Screening,0.0026841061917184253,0.01121945851888915
5p,20,SCR116_Screening,0.0029005439202572534,0.011274613775563214
5p,21,SCR116_Screening,0.002838812966928621,0.011101672268583843
5p,22,SCR116_Screening,0.0034412058834587273,0.010580674632540237
5p,23,SCR116_Screening,0.0027784059325751858,0.011400697700699961
5p,24,SCR116_Screening,0.0031649815793550777,0.011744843443417693
5p,25,SCR116_Screening,0.0030553981740515587,0.012142385453677008
5p,26,SCR116_Screening,0.0031375523406793043,0.012586249362293196
5p,27,SCR116_Screening,0.002891956921993816,0.01344269361476103
5p,28,SCR116_Screening,0.003007738631464801,0.014327818699604197
5p,29,SCR116_Screening,0.0029366536499212618,0.022344055473604383
5p,30,SCR116_Screening,0.0031034267491403212,0.03895699017035941
5p,31,SCR116_Screening,0.0032969148504106618,0.04324497445219824
5p,32,SCR116_Screening,0.003545693453374928,0.04756617515301073
5p,33,SCR116_Screening,0.002608037193679187,0.049980519408836355
5p,34,SCR116_Screening,0.0032478198056271387,0.052873982496623194
5p,35,SCR116_Screening,0.003225509470561245,0.05386583227898269
5p,36,SCR116_Screening,0.002676856762414856,0.05749898834826247
5p,37,SCR116_Screening,0.0031052135851474417,0.06001543196871968
5p,38,SCR116_Screening,0.002813554707686359,0.06387245148457232
5p,39,SCR116_Screening,0.003431043469644797,0.0657025806543528
5p,40,SCR116_Screening,0.0030138415127288444,0.06895449450631792
5p,41,SCR116_Screening,0.0031833509776573246,0.0725455954674683
5p,42,SCR116_Screening,0.003365643280487161,0.07519629461393547
5p,43,SCR116_Screening,0.0036393350349249267,0.0782006482987275
5p,44,SCR116_Screening,0.0036304408184764025,0.0808113734803434
5p,45,SCR116_Screening,0.0032807038120255443,0.07906677211903686
5p,46,SCR116_Screening,0.0026937403830797207,0.08269332272283522
5p,47,SCR116_Screening,0.003233491822715381,0.08053711087500429
5p,48,SCR116_Screening,0.0034441562894026974,0.08133824647683671
5p,49,SCR116_Screening,0.003120345623319561,0.07922549611806526
5p,50,SCR116_Screening,0.002735149590971015,0.08071694259249135
5p,51,SCR116_Screening,0.002333146466564452,0.08565010389017094
5p,52,SCR116_Screening,0.0033839025892129235,0.08545896216093614
5p,53,SCR116_Screening,0.0019416062108780837,0.08048366005079752
5p,54,SCR116_Screening,0.0027627246129978125,0.08391582635111264
5p,55,SCR116_Screening,0.0033349458975473947,0.08059865553165546
5p,56,SCR116_Screening,0.0029227075136955575,0.07937760406257033
5p,57,SCR116_Screening,0.002960726570194644,0.08213732836011965
5p,58,SCR116_Screening,0.002703189245805114,0.08694030704221659
5p,59,SCR116_Screening,0.002336684527717612,0.08732715231482402
5p,60,SCR116_Screening,0.003780190142649216,0.08199012732020922
5p,61,SCR116_Screening,0.00203411208019389,0.07826846222142553
5p,62,SCR116_Screening,0.0031363549435838595,0.08071227199501117
5p,63,SCR116_Screening,0.0031233094669848847,0.08174674669852525
5p,64,SCR116_Screening,0.0025021691576336018,0.0826039095928839
5p,65,SCR116_Screening,0.0030196929933846125,0.07925496274136892
5p,66,SCR116_Screening,0.0022835050724071045,0.08161214585814106
5p,67,SCR116_Screening,0.00313317191283293,0.08334790464533426
5p,68,SCR116_Screening,0.0025232451271768063,0.07792350213258444
5p,69,SCR116_Screening,0.0035879587494803897,0.09000050303659979
5p,70,SCR116_Screening,0.002579319555316975,0.07562931731484043
3p,1,SCR117_DeepSeq,0.004556362589828446,0.39635490675908347
3p,2,SCR117_DeepSeq,0.004978931332986695,0.1867048098616261
3p,3,SCR117_DeepSeq,0.0038338551302983578,0.04247992167051802
3p,4,SCR117_DeepSeq,0.0035075357449946606,0.030001526982166224
3p,5,SCR117_DeepSeq,0.0032218063310546865,0.022960109961595927
3p,6,SCR117_DeepSeq,0.003032103055870416,0.018253543580222412
3p,7,SCR117_DeepSeq,0.0030004628149725336,0.015274036281250356
3p,8,SCR117_DeepSeq,0.0029801449844207993,0.013404792942000247
3p,9,SCR117_DeepSeq,0.002962474701768884,0.012735617014116496
3p,10,SCR117_DeepSeq,0.0029164781476631167,0.011665472028806464
3p,11,SCR117_DeepSeq,0.0028741076837373257,0.01069001848600836
3p,12,SCR117_DeepSeq,0.0029048797642852813,0.010256490816872632
3p,13,SCR117_DeepSeq,0.002882557490656851,0.010126698832177636
3p,14,SCR117_DeepSeq,0.0028852799922043024,0.010101889637942797
3p,15,SCR117_DeepSeq,0.0028572037910395724,0.010158568778392545
3p,16,SCR117_DeepSeq,0.0028767045603622166,0.010219819353027598
3p,17,SCR117_DeepSeq,0.002878207376757385,0.010207514777618535
3p,18,SCR117_DeepSeq,0.002892575255791039,0.010278171327716131
3p,19,SCR117_DeepSeq,0.002857725241271456,0.010382188583609432
3p,20,SCR117_DeepSeq,0.002845571882725519,0.010480488256956657
3p,21,SCR117_DeepSeq,0.002848340580455798,0.010628511338642547
3p,22,SCR117_DeepSeq,0.0028388295600959516,0.01073899880620396
3p,23,SCR117_DeepSeq,0.0028422356052839465,0.010977492531469173
3p,24,SCR117_DeepSeq,0.0028483544781687216,0.011375915861901578
3p,25,SCR117_DeepSeq,0.0028581691531725335,0.011828123846299993
3p,26,SCR117_DeepSeq,0.002875488581198111,0.012402674888757485
3p,27,SCR117_DeepSeq,0.002893761306517741,0.013187817406447443
3p,28,SCR117_DeepSeq,0.002878266701620872,0.014660700899289924
3p,29,SCR117_DeepSeq,0.003013447461239661,0.017739487470070522
3p,30,SCR117_DeepSeq,0.003304812217913481,0.03445935616437559
3p,31,SCR117_DeepSeq,0.003239025091558164,0.03718940240273261
3p,32,SCR117_DeepSeq,0.003226715608507449,0.04005634540861346
3p,33,SCR117_DeepSeq,0.003199276684277436,0.04252444790546264
3p,34,SCR117_DeepSeq,0.0031759707160862274,0.045199617281985266
3p,35,SCR117_DeepSeq,0.003215225187798902,0.0475382151013367
3p,36,SCR117_DeepSeq,0.0031935492431322612,0.04979037854238238
3p,37,SCR117_DeepSeq,0.0032240731154426217,0.051720810930014224
3p,38,SCR117_DeepSeq,0.0032709459105179617,0.05382413895640646
3p,39,SCR117_DeepSeq,0.0031865700855682275,0.056138020584583566
3p,40,SCR117_DeepSeq,0.0032817414041754187,0.05830241022705522
3p,41,SCR117_DeepSeq,0.0033144632920883267,0.060944535487372734
3p,42,SCR117_DeepSeq,0.003369690469778454,0.06560937857744412
3p,43,SCR117_DeepSeq,0.0033659765575854853,0.06687881462438316
3p,44,SCR117_DeepSeq,0.0033369464478857505,0.0683225039526221
3p,45,SCR117_DeepSeq,0.003378855195890868,0.06921987063029544
3p,46,SCR117_DeepSeq,0.0033840163307911793,0.06999402730977708
3p,47,SCR117_DeepSeq,0.00336350662773375,0.07078987776239443
3p,48,SCR117_DeepSeq,0.0033381755112573547,0.07142009832810489
3p,49,SCR117_DeepSeq,0.0033258089705519166,0.07179926727536669
3p,50,SCR117_DeepSeq,0.0033128405829575764,0.072347248350174
3p,51,SCR117_DeepSeq,0.0032758286232093497,0.07281059279627798
3p,52,SCR117_DeepSeq,0.0032610770536315916,0.07311259412140328
3p,53,SCR117_DeepSeq,0.0032086243189091033,0.07317298291322326
3p,54,SCR117_DeepSeq,0.003228807318641425,0.07353819234615905
3p,55,SCR117_DeepSeq,0.00318213255278957,0.07325932271618513
3p,56,SCR117_DeepSeq,0.003152337011521468,0.07284268277723206
3p,57,SCR117_DeepSeq,0.0033048973763560355,0.07288260333491162
3p,58,SCR117_DeepSeq,0.003279042178797223,0.0726361889958421
3p,59,SCR117_DeepSeq,0.0032292326088420296,0.07253040324640547
3p,60,SCR117_DeepSeq,0.0032668502590990434,0.07210940131410618
3p,61,SCR117_DeepSeq,0.0032192966373009676,0.0720528107002125
3p,62,SCR117_DeepSeq,0.003154028669150615,0.07206402472040535
3p,63,SCR117_DeepSeq,0.0034431611647566442,0.0737534473958258
3p,64,SCR117_DeepSeq,0.0032327483637576903,0.07556954911762157
3p,65,SCR117_DeepSeq,0.0033576795104782262,0.07402872284505702
3p,66,SCR117_DeepSeq,0.003161939240752883,0.07362524060745085
3p,67,SCR117_DeepSeq,0.003125950727504221,0.0720896527934155
3p,68,SCR117_DeepSeq,0.003254217637353403,0.07180064451590415
3p,69,SCR117_DeepSeq,0.003252910569095658,0.06991826771608978
3p,70,SCR117_DeepSeq,0.0030400710972610227,0.068723356809686
5p,1,SCR117_DeepSeq,0.00854117428813864,0.35130946994801326
5p,2,SCR117_DeepSeq,0.004895050409737768,0.08413096958800537
5p,3,SCR117_DeepSeq,0.0033004318070775467,0.0461312138001454
5p,4,SCR117_DeepSeq,0.0029936375559755767,0.02989291977804212
5p,5,SCR117_DeepSeq,0.0029532463223388523,0.02255640883863453
5p,6,SCR117_DeepSeq,0.0029208870332626986,0.017931623608859446
5p,7,SCR117_DeepSeq,0.0029284710510940224,0.014987318812236432
5p,8,SCR117_DeepSeq,0.0029703675677581892,0.013063022002596035
5p,9,SCR117_DeepSeq,0.0029518890920240304,0.011680945681638334
5p,10,SCR117_DeepSeq,0.0028922859185304605,0.010888755264698305
5p,11,SCR117_DeepSeq,0.0028576033102927847,0.010401028132854137
5p,12,SCR117_DeepSeq,0.0028601381455018167,0.010216248937584967
5p,13,SCR117_DeepSeq,0.002874103774478354,0.010254505065019362
5p,14,SCR117_DeepSeq,0.0028784525321878217,0.010274690674286387
5p,15,SCR117_DeepSeq,0.002869767600585246,0.010317723508835672
5p,16,SCR117_DeepSeq,0.002842246855041618,0.010420457237638531
5p,17,SCR117_DeepSeq,0.0028314671213726626,0.010435009510357293
5p,18,SCR117_DeepSeq,0.0028502451577733243,0.01049878752008511
5p,19,SCR117_DeepSeq,0.002835367299623483,0.010523351297731597
5p,20,SCR117_DeepSeq,0.002861451661375452,0.010575933325866657
5p,21,SCR117_DeepSeq,0.00283043405559114,0.01073995380533247
5p,22,SCR117_DeepSeq,0.0028439704724780735,0.010915403531189683
5p,23,SCR117_DeepSeq,0.002861671532799534,0.011178943278693745
5p,24,SCR117_DeepSeq,0.002876876581402085,0.01147599410302213
5p,25,SCR117_DeepSeq,0.0028710508501590543,0.011814389463713139
5p,26,SCR117_DeepSeq,0.002911190188726456,0.012444484802386333
5p,27,SCR117_DeepSeq,0.0029861753618483765,0.013281412978335384
5p,28,SCR117_DeepSeq,0.0030196792807372108,0.014597498888810201
5p,29,SCR117_DeepSeq,0.003131180097684986,0.022732362551727753
5p,30,SCR117_DeepSeq,0.0032035899963359813,0.04249985873778826
5p,31,SCR117_DeepSeq,0.0031549988588881377,0.04619584597385869
5p,32,SCR117_DeepSeq,0.003120590964399037,0.04972531361275138
5p,33,SCR117_DeepSeq,0.003083358796130581,0.052886160741786245
5p,34,SCR117_DeepSeq,0.003099165680479997,0.056128443389393684
5p,35,SCR117_DeepSeq,0.0030766507805415825,0.059014708821189574
5p,36,SCR117_DeepSeq,0.00311611541769238,0.061709098070993576
5p,37,SCR117_DeepSeq,0.0030680939543339027,0.0640867827850917
5p,38,SCR117_DeepSeq,0.003129898212743837,0.0665942651597963
5p,39,SCR117_DeepSeq,0.0031184125035147465,0.0691669405458665
5p,40,SCR117_DeepSeq,0.003182910277302501,0.07165945086872516
5p,41,SCR117_DeepSeq,0.003185261871706038,0.07525072934006416
5p,42,SCR117_DeepSeq,0.0032184916243876488,0.07982796869046876
5p,43,SCR117_DeepSeq,0.0031966614070435594,0.08148228360836529
5p,44,SCR117_DeepSeq,0.003236101960893782,0.08264181360128622
5p,45,SCR117_DeepSeq,0.0032501283738291427,0.08356097034130858
5p,46,SCR117_DeepSeq,0.00307706194974932,0.08456686829148857
5p,47,SCR117_DeepSeq,0.003159506451967476,0.08540657569262591
5p,48,SCR117_DeepSeq,0.003121047891142711,0.08649402068877429
5p,49,SCR117_DeepSeq,0.0031151356768552236,0.08655296652312078
5p,50,SCR117_DeepSeq,0.0031078608117026197,0.08717222403745428
5p,51,SCR117_DeepSeq,0.003098298879591828,0.0879175864204167
5p,52,SCR117_DeepSeq,0.003009022181839675,0.08761096059623669
5p,53,SCR117_DeepSeq,0.0030078702386926873,0.08786773589447441
5p,54,SCR117_DeepSeq,0.003122955883052679,0.08732514524595207
5p,55,SCR117_DeepSeq,0.003043213467787194,0.08769197497702458
5p,56,SCR117_DeepSeq,0.003161064601045838,0.08743404297695317
5p,57,SCR117_DeepSeq,0.0029547061886778265,0.08674109735265606
5p,58,SCR117_DeepSeq,0.003027766008274894,0.08673308707158
5p,59,SCR117_DeepSeq,0.003069480855507703,0.08617038558486165
5p,60,SCR117_DeepSeq,0.0030405299112391646,0.08663513401183184
5p,61,SCR117_DeepSeq,0.0030256248139860654,0.08526272291760646
5p,62,SCR117_DeepSeq,0.0029889034134331508,0.0856068954264674
5p,63,SCR117_DeepSeq,0.003017946172172721,0.08678104967220077
5p,64,SCR117_DeepSeq,0.0030052939323588585,0.08731350522373105
5p,65,SCR117_DeepSeq,0.0030370174121058385,0.0872509967521391
5p,66,SCR117_DeepSeq,0.0032823335889740485,0.08628017051597553
5p,67,SCR117_DeepSeq,0.0031206524239004284,0.08434155212655921
5p,68,SCR117_DeepSeq,0.003039938091027711,0.08377249246956217
5p,69,SCR117_DeepSeq,0.0029758835720816376,0.08320187097232191
5p,70,SCR117_DeepSeq,0.0028661247199733807,0.08075627423985332
3p,1,SCR117_Screening,0.004675290224096413,0.3971261171838616
3p,2,SCR117_Screening,0.0049761371816994734,0.18994582788139944
3p,3,SCR117_Screening,0.003906514803263567,0.0425116832847096
3p,4,SCR117_Screening,0.0032080762585053016,0.030010737518675654
3p,5,SCR117_Screening,0.003440081717981769,0.02313306034560595
3p,6,SCR117_Screening,0.0029397278426727107,0.018346899828695674
3p,7,SCR117_Screening,0.0024837574757386985,0.014775833059178345
3p,8,SCR117_Screening,0.0029347695306176248,0.013847910053639615
3p,9,SCR117_Screening,0.0027516694770553275,0.012363796686726164
3p,10,SCR117_Screening,0.002976792870881587,0.011712098196186784
3p,11,SCR117_Screening,0.0030042446800422175,0.010965743932933647
3p,12,SCR117_Screening,0.003013334884172842,0.010923449055478752
3p,13,SCR117_Screening,0.003060378801911558,0.010546414099215883
3p,14,SCR117_Screening,0.003101816170670104,0.010219310651363675
3p,15,SCR117_Screening,0.0031396999037201284,0.010301372300282413
3p,16,SCR117_Screening,0.00291676225770166,0.010415067905158608
3p,17,SCR117_Screening,0.0029024069393980886,0.0102610289338186
3p,18,SCR117_Screening,0.0030184833142697493,0.010392017149225594
3p,19,SCR117_Screening,0.0030378613680039613,0.010466848239799504
3p,20,SCR117_Screening,0.0025962526121108345,0.010870060024973264
3p,21,SCR117_Screening,0.002846077709344622,0.010901227449473437
3p,22,SCR117_Screening,0.0026008674808644682,0.01117808503333583
3p,23,SCR117_Screening,0.0031992394642174427,0.012077079136638667
3p,24,SCR117_Screening,0.003088778530856251,0.011806448402069288
3p,25,SCR117_Screening,0.0026644817077507836,0.011844355936884038
3p,26,SCR117_Screening,0.002885668640046933,0.012119649914510044
3p,27,SCR117_Screening,0.0027726985619971555,0.013844797531838166
3p,28,SCR117_Screening,0.0027611241336336885,0.015006471477314135
3p,29,SCR117_Screening,0.0028994548643965523,0.01819135192461766
3p,30,SCR117_Screening,0.0036953165946262165,0.0333659188676684
3p,31,SCR117_Screening,0.003154674643017737,0.03651666341183697
3p,32,SCR117_Screening,0.003090303467527912,0.0388869497079356
3p,33,SCR117_Screening,0.0030087374158019216,0.042297495614314784
3p,34,SCR117_Screening,0.0034351119121558797,0.04350568076972555
3p,35,SCR117_Screening,0.0030927981942310582,0.047402909883355306
3p,36,SCR117_Screening,0.0031951908821043107,0.049274897301935246
3p,37,SCR117_Screening,0.0035667204403360994,0.05132121344591495
3p,38,SCR117_Screening,0.003420448985556975,0.05251398756121896
3p,39,SCR117_Screening,0.003173424329255378,0.055449081015639806
3p,40,SCR117_Screening,0.0030843466064605063,0.058659426081666195
3p,41,SCR117_Screening,0.0031054907235820318,0.059413198269442614
3p,42,SCR117_Screening,0.00324358948566436,0.06274416987918931
3p,43,SCR117_Screening,0.0033977481143145803,0.06649114679710676
3p,44,SCR117_Screening,0.0033431431861877087,0.06656961064465491
3p,45,SCR117_Screening,0.003587500197879251,0.07034619477684217
3p,46,SCR117_Screening,0.003204172813509848,0.06771279613053782
3p,47,SCR117_Screening,0.003077496995128254,0.07041098557367709
3p,48,SCR117_Screening,0.004252687369925806,0.07273847799905372
3p,49,SCR117_Screening,0.0041450224879771205,0.07153013086610924
3p,50,SCR117_Screening,0.003647220244774329,0.07204913016450659
3p,51,SCR117_Screening,0.002869214018500251,0.07456233056184863
3p,52,SCR117_Screening,0.003794407582436898,0.07217280446765992
3p,53,SCR117_Screening,0.00252735956992949,0.07194784245245964
3p,54,SCR117_Screening,0.0036351215139591433,0.06793200802955596
3p,55,SCR117_Screening,0.0030222769700638964,0.07244307221802657
3p,56,SCR117_Screening,0.004068660070886056,0.07221861668094856
3p,57,SCR117_Screening,0.0028385987008136913,0.07076680670229546
3p,58,SCR117_Screening,0.003250690836534568,0.07293189334449493
3p,59,SCR117_Screening,0.0029354299359130483,0.07372987639472464
3p,60,SCR117_Screening,0.003056572808477716,0.07048619192066616
3p,61,SCR117_Screening,0.005119879655334366,0.07055514044171665
3p,62,SCR117_Screening,0.0032071560509409963,0.06932790606152128
3p,63,SCR117_Screening,0.0023282634325548883,0.07244242956175062
3p,64,SCR117_Screening,0.002963093498256143,0.07616097640728184
3p,65,SCR117_Screening,0.002460984393757503,0.0700625874562909
3p,66,SCR117_Screening,0.0025143020594965673,0.06699721172872819
3p,67,SCR117_Screening,0.002210596256412405,0.06300913229057803
3p,68,SCR117_Screening,0.003008749355756536,0.07669884586344515
3p,69,SCR117_Screening,0.00446211081093051,0.06575955960514533
3p,70,SCR117_Screening,0.002847516250223627,0.06980267896291245
5p,1,SCR117_Screening,0.008476594065430523,0.35379160441646484
5p,2,SCR117_Screening,0.005455967256342459,0.08589774333555682
5p,3,SCR117_Screening,0.00312594669053583,0.04786908754619415
5p,4,SCR117_Screening,0.0030020197739007923,0.031049102318562116
5p,5,SCR117_Screening,0.0031033635535735664,0.02290287117466048
5p,6,SCR117_Screening,0.0032013113965361738,0.019065480917371744
5p,7,SCR117_Screening,0.00293720982726209,0.015564909448188165
5p,8,SCR117_Screening,0.003090612995721503,0.01379671466135789
5p,9,SCR117_Screening,0.0028683533022124084,0.01206696077960337
5p,10,SCR117_Screening,0.0031858728267189383,0.011419160804628778
5p,11,SCR117_Screening,0.003051382932200879,0.010632965515995556
5p,12,SCR117_Screening,0.002760046900521481,0.010847863384483417
5p,13,SCR117_Screening,0.0025855330011884496,0.010127344648155985
5p,14,SCR117_Screening,0.0029627157513742253,0.010611959076594495
5p,15,SCR117_Screening,0.002913285989006264,0.010341257634445388
5p,16,SCR117_Screening,0.002807405691294449,0.010632265711009828
5p,17,SCR117_Screening,0.0030021933885137765,0.011097943401847683
5p,18,SCR117_Screening,0.0028789522666175607,0.010804306823046573
5p,19,SCR117_Screening,0.0031239647738488287,0.010467587965257617
5p,20,SCR117_Screening,0.002644482529868001,0.01090081839765597
5p,21,SCR117_Screening,0.0028692777554644036,0.011128636794013255
5p,22,SCR117_Screening,0.00313764993538094,0.011349362576506452
5p,23,SCR117_Screening,0.002794976404495709,0.011833356556834543
5p,24,SCR117_Screening,0.0029946169094631813,0.01175060081383222
5p,25,SCR117_Screening,0.0027340895195928404,0.012708105388333352
5p,26,SCR117_Screening,0.0030177823913814955,0.012824394785609601
5p,27,SCR117_Screening,0.002749912645327291,0.01379285109821237
5p,28,SCR117_Screening,0.0027150793771559727,0.014505853151369288
5p,29,SCR117_Screening,0.003367990903096117,0.022062852966407767
5p,30,SCR117_Screening,0.0028492110837631795,0.041230216321114746
5p,31,SCR117_Screening,0.0032618641674559065,0.044545874076579985
5p,32,SCR117_Screening,0.002913565197436084,0.04928394884797806
5p,33,SCR117_Screening,0.002886231401818075,0.05247344053874818
5p,34,SCR117_Screening,0.003081482381145908,0.05414001188788796
5p,35,SCR117_Screening,0.0032115565231693576,0.05720136149763755
5p,36,SCR117_Screening,0.0029049714723981207,0.060243024635678544
5p,37,SCR117_Screening,0.003043950991041241,0.06261526465500025
5p,38,SCR117_Screening,0.00269275593941586,0.06572126956411828
5p,39,SCR117_Screening,0.003053656212342119,0.06879723601459337
5p,40,SCR117_Screening,0.0029466664670406966,0.06908373691379922
5p,41,SCR117_Screening,0.0032122069972331645,0.07426592975854673
5p,42,SCR117_Screening,0.003417408819855474,0.07919995774854666
5p,43,SCR117_Screening,0.004130579618157702,0.0781695883795587
5p,44,SCR117_Screening,0.003315575924936801,0.07853829765106837
5p,45,SCR117_Screening,0.003067212749983697,0.07793469687425247
5p,46,SCR117_Screening,0.003475657406164439,0.0825396552126269
5p,47,SCR117_Screening,0.003181617380937174,0.08005648727909903
5p,48,SCR117_Screening,0.002885656167991804,0.08152201096909324
5p,49,SCR117_Screening,0.003247595024872443,0.08377214011091204
5p,50,SCR117_Screening,0.003394880531266146,0.0877214087490624
5p,51,SCR117_Screening,0.0030397308357834676,0.08335495071302633
5p,52,SCR117_Screening,0.003316814181493246,0.08717168738143673
5p,53,SCR117_Screening,0.002207697438161479,0.08460411456531122
5p,54,SCR117_Screening,0.003329073903825707,0.08313309372534451
5p,55,SCR117_Screening,0.0037068355489947987,0.09225154474606877
5p,56,SCR117_Screening,0.002444457300348298,0.08855513566337485
5p,57,SCR117_Screening,0.003032775148084133,0.08665628234185296
5p,58,SCR117_Screening,0.0032063487991783653,0.08586785539580076
5p,59,SCR117_Screening,0.002452013498912884,0.08487386839192582
5p,60,SCR117_Screening,0.00316934679940689,0.08120396064763347
5p,61,SCR117_Screening,0.0030087278526057804,0.08714285714285713
5p,62,SCR117_Screening,0.0029049830158186267,0.08373933497628461
5p,63,SCR117_Screening,0.0018583068847761656,0.08381643538490816
5p,64,SCR117_Screening,0.003157535990662368,0.08811668123549396
5p,65,SCR117_Screening,0.0049940777409631446,0.08337389881190088
5p,66,SCR117_Screening,0.004036923422937759,0.08236187778423398
5p,67,SCR117_Screening,0.0033652750528712287,0.08367880045112021
5p,68,SCR117_Screening,0.0033967720093581563,0.08141435736195698
5p,69,SCR117_Screening,0.002261046683234908,0.08006792058516196
5p,70,SCR117_Screening,0.0032511252613166087,0.07023439838709095
3p,1,a9361SE,0.007481058887493857,0.3910394295783576
3p,2,a9361SE,0.004778221981058654,0.19172385157115096
3p,3,a9361SE,0.003605611704998738,0.04727680682077586
3p,4,a9361SE,0.0032655625122923852,0.03242073950064958
3p,5,a9361SE,0.002819124042220473,0.026860803012715304
3p,6,a9361SE,0.0028396489338772283,0.020685872850458496
3p,7,a9361SE,0.0028513871115740577,0.01777908328165567
3p,8,a9361SE,0.0032790689028591473,0.015129936925766547
3p,9,a9361SE,0.0027311124665806217,0.01436721345843741
3p,10,a9361SE,0.0024366172041585302,0.012937751124428569
3p,11,a9361SE,0.002721747695907119,0.011730133366744444
3p,12,a9361SE,0.0028615851174521797,0.011609967875634153
3p,13,a9361SE,0.0028505943530300914,0.011852472221827084
3p,14,a9361SE,0.0029588631621666997,0.012293170874143885
3p,15,a9361SE,0.0028607735871592228,0.011326592467887555
3p,16,a9361SE,0.0028587581280030538,0.01218760721878112
3p,17,a9361SE,0.002816542879212639,0.011556393717222758
3p,18,a9361SE,0.0032886966138804593,0.01275714066592594
3p,19,a9361SE,0.0027806894108153325,0.011974786710726694
3p,20,a9361SE,0.0029664977857849274,0.01199342337265167
3p,21,a9361SE,0.0027266915169043083,0.012189753618823622
3p,22,a9361SE,0.0026627808545989303,0.01175533288685453
3p,23,a9361SE,0.0031112004363478118,0.012126363636790892
3p,24,a9361SE,0.002986753295862685,0.012060027636404147
3p,25,a9361SE,0.0030005964721610302,0.013468306585022662
3p,26,a9361SE,0.0028916848069016773,0.013678791146897063
3p,27,a9361SE,0.0028012877656341563,0.014047129803669685
3p,28,a9361SE,0.002947506947161144,0.015475147738738041
3p,29,a9361SE,0.002979625846341088,0.018006080589889527
3p,30,a9361SE,0.003330924539549482,0.031676016525596894
3p,31,a9361SE,0.0033227313412325906,0.03419558055980683
3p,32,a9361SE,0.003475021298850485,0.035795132897496015
3p,33,a9361SE,0.0037534233425834534,0.03909600654961947
3p,34,a9361SE,0.0032580680367203735,0.039691138362593414
3p,35,a9361SE,0.0033718107818666455,0.04334565140050468
3p,36,a9361SE,0.003586211506120022,0.04325485311633613
3p,37,a9361SE,0.00340173818801309,0.046528781052083745
3p,38,a9361SE,0.0036790967486159745,0.048619920250039556
3p,39,a9361SE,0.003620030132089588,0.05070851698350258
3p,40,a9361SE,0.003280427260342335,0.05171239999476099
3p,41,a9361SE,0.0032471317231780924,0.05547644192658367
3p,42,a9361SE,0.0036990955857865698,0.059676627468810736
3p,43,a9361SE,0.004240303910214812,0.05903180270849441
3p,44,a9361SE,0.0032614273584817637,0.06107856499094427
3p,45,a9361SE,0.0037431557653786317,0.06209023043937181
3p,46,a9361SE,0.004096106120403201,0.06474480726860327
3p,47,a9361SE,0.004064222529288885,0.06430512998953725
3p,48,a9361SE,0.0036793379362543887,0.06330486855482904
3p,49,a9361SE,0.004209392518122778,0.06519412170808267
3p,50,a9361SE,0.0030324555010309362,0.06404921226332774
3p,51,a9361SE,0.003595650902476072,0.06474644322248407
3p,52,a9361SE,0.003788042397017863,0.06747786456975398
3p,53,a9361SE,0.004111566964343071,0.06400297969523022
3p,54,a9361SE,0.0036332485261872677,0.06833319426470319
3p,55,a9361SE,0.0038215905149251183,0.06648287232991565
3p,56,a9361SE,0.0041191362418950064,0.0658751888282427
3p,57,a9361SE,0.0036044830190690236,0.0648691392155172
3p,58,a9361SE,0.003649143409781708,0.06540754214393085
3p,59,a9361SE,0.0038915575764001085,0.06666120003578158
3p,60,a9361SE,0.0037707858353339505,0.06604285345905851
3p,61,a9361SE,0.005149875217998541,0.06906883376055258
3p,62,a9361SE,0.0023350575101234346,0.06654233592281777
3p,63,a9361SE,0.0033734221861641124,0.06664221783200641
3p,64,a9361SE,0.0031289492341345024,0.06753601054357576
3p,65,a9361SE,0.0034080408130240563,0.06451068545932435
3p,66,a9361SE,0.003140266642783474,0.07241403779093342
3p,67,a9361SE,0.005063293553011449,0.07045310352456234
3p,68,a9361SE,0.004551579650163071,0.06508961961893109
3p,69,a9361SE,0.0035552249438719707,0.06856368563685636
3p,70,a9361SE,0.0017370695720888944,0.06941289379130494
5p,1,a9361SE,0.010645054942038414,0.32903380706829166
5p,2,a9361SE,0.005957463143633676,0.07479302293082862
5p,3,a9361SE,0.00375860164782611,0.04630851090839222
5p,4,a9361SE,0.0031374571234498226,0.02979832861584206
5p,5,a9361SE,0.003353418241215189,0.02281981224410024
5p,6,a9361SE,0.0030356790109229833,0.019721433421575063
5p,7,a9361SE,0.002761247789592594,0.01737523252503191
5p,8,a9361SE,0.0028548536451156823,0.014894576130657491
5p,9,a9361SE,0.0030552798544158785,0.013000567880228825
5p,10,a9361SE,0.002927295089605187,0.012113316478803449
5p,11,a9361SE,0.003075106584111317,0.011303394939693371
5p,12,a9361SE,0.002628256989618282,0.011228094597260246
5p,13,a9361SE,0.0033727373866907625,0.011432051308902211
5p,14,a9361SE,0.0027794101665997244,0.011277025992228663
5p,15,a9361SE,0.002997814121155065,0.011886424732060358
5p,16,a9361SE,0.0025443931127686606,0.011577770795648618
5p,17,a9361SE,0.0031265722287844833,0.01155548534864767
5p,18,a9361SE,0.0030623998692683946,0.011855017178007151
5p,19,a9361SE,0.0028081367703127417,0.011838029252958581
5p,20,a9361SE,0.0029591355520913413,0.012817501048712036
5p,21,a9361SE,0.002727227259786702,0.012421785294657761
5p,22,a9361SE,0.003017525871200657,0.01244012577467759
5p,23,a9361SE,0.0028986473238205002,0.012838898766980855
5p,24,a9361SE,0.002720408144438498,0.012671312981761428
5p,25,a9361SE,0.0029541353293440686,0.013221223958192644
5p,26,a9361SE,0.00313512373807004,0.014395077123956393
5p,27,a9361SE,0.0027236452070734146,0.014603797336513994
5p,28,a9361SE,0.0025813779505781693,0.015803873286976005
5p,29,a9361SE,0.003100349214137872,0.02231820456411931
5p,30,a9361SE,0.003240941609375405,0.03996365536145186
5p,31,a9361SE,0.003181738057465186,0.042961028012936664
5p,32,a9361SE,0.002768715042848688,0.04755574690039456
5p,33,a9361SE,0.0033292245972074714,0.04976612471771544
5p,34,a9361SE,0.003183263377959959,0.05468063280192509
5p,35,a9361SE,0.0030144288722167723,0.05701715078262959
5p,36,a9361SE,0.0031431918186612725,0.05896690540897531
5p,37,a9361SE,0.002842958045736963,0.061014180283006196
5p,38,a9361SE,0.003004237315583738,0.0641745615821369
5p,39,a9361SE,0.003161700254657289,0.06687875541821922
5p,40,a9361SE,0.003105933401944203,0.06616263677517745
5p,41,a9361SE,0.003050189671697053,0.06918445806779228
5p,42,a9361SE,0.0033426050044629233,0.07708951683321805
5p,43,a9361SE,0.0029431047300543947,0.08034626356269113
5p,44,a9361SE,0.0030017879599143374,0.0794173032138698
5p,45,a9361SE,0.0028741497761152783,0.08163137843494017
5p,46,a9361SE,0.002898235412015335,0.08215950618412887
5p,47,a9361SE,0.002890762744974051,0.08214134007401079
5p,48,a9361SE,0.0035611257367043994,0.0840578382478111
5p,49,a9361SE,0.0034683251509968977,0.0827796378958047
5p,50,a9361SE,0.0030404148532578055,0.08303418600228224
5p,51,a9361SE,0.002935404767049908,0.08340041371474245
5p,52,a9361SE,0.002935404046360409,0.08465062797554423
5p,53,a9361SE,0.002605278018597605,0.08516859628589987
5p,54,a9361SE,0.0025091969243731787,0.08605303229390582
5p,55,a9361SE,0.0026225560372429213,0.08385755753680282
5p,56,a9361SE,0.002408283575484652,0.08536633373807168
5p,57,a9361SE,0.0031579346242219014,0.08294644542726903
5p,58,a9361SE,0.0023308750197575433,0.08776307711968112
5p,59,a9361SE,0.0031173645046645936,0.08653624856156503
5p,60,a9361SE,0.003060877058911553,0.08039158680779282
5p,61,a9361SE,0.0018480178479876237,0.09045064837669886
5p,62,a9361SE,0.003486543211742933,0.08829171829681837
5p,63,a9361SE,0.004443045144738889,0.08538182574693731
5p,64,a9361SE,0.003964382741720464,0.08573598985514315
5p,65,a9361SE,0.0032875592239177,0.08348628715945058
5p,66,a9361SE,0.003606070609712759,0.09140422790115693
5p,67,a9361SE,0.003697239798633696,0.08375481469236917
5p,68,a9361SE,0.0024813895781637717,0.08035403338533392
5p,69,a9361SE,0.0038507587292436387,0.08514607429925691
5p,70,a9361SE,0.003530707145552943,0.07895702368361635
3p,1,a9361_HiSeq,0.004395657275339778,0.3965543340862187
3p,2,a9361_HiSeq,0.004225010225096464,0.1955891016889557
3p,3,a9361_HiSeq,0.0033094526684173285,0.048010694354346496
3p,4,a9361_HiSeq,0.00334590190636362,0.033488330186124494
3p,5,a9361_HiSeq,0.003109228344251441,0.026748239945174314
3p,6,a9361_HiSeq,0.0029036097189148024,0.020864633969688982
3p,7,a9361_HiSeq,0.002955313887216016,0.01791693965291718
3p,8,a9361_HiSeq,0.003180189969129066,0.01584379856431484
3p,9,a9361_HiSeq,0.003028428491454187,0.01451137007092379
3p,10,a9361_HiSeq,0.002960886948872766,0.013265291589096517
3p,11,a9361_HiSeq,0.0030724319550161764,0.012384888643773464
3p,12,a9361_HiSeq,0.003052619685190272,0.011934406945754466
3p,13,a9361_HiSeq,0.0030618416537894653,0.011404265540160365
3p,14,a9361_HiSeq,0.0028236318367666725,0.011727134362492722
3p,15,a9361_HiSeq,0.0027626757152546815,0.012012935137719848
3p,16,a9361_HiSeq,0.0027684382369870747,0.012182304273643984
3p,17,a9361_HiSeq,0.0031010883487969723,0.011741314445554095
3p,18,a9361_HiSeq,0.002874425096557671,0.012075311237829404
3p,19,a9361_HiSeq,0.0027310307293593244,0.011699863412261521
3p,20,a9361_HiSeq,0.002964255464352478,0.012006336538892269
3p,21,a9361_HiSeq,0.0027149614034836797,0.01216703147261946
3p,22,a9361_HiSeq,0.002860256694256746,0.012758158366510838
3p,23,a9361_HiSeq,0.0029937726309768394,0.012650521105791974
3p,24,a9361_HiSeq,0.002876473563945706,0.01310802047578305
3p,25,a9361_HiSeq,0.0029796373284118978,0.013159997540439953
3p,26,a9361_HiSeq,0.00305895459355062,0.014083146644294007
3p,27,a9361_HiSeq,0.0029615724948477674,0.014467301900499538
3p,28,a9361_HiSeq,0.0030874951695126773,0.015617981115436197
3p,29,a9361_HiSeq,0.0031805388333940874,0.017852089657072006
3p,30,a9361_HiSeq,0.003498184280348187,0.03157560122305485
3p,31,a9361_HiSeq,0.003668425916659475,0.033571180446524566
3p,32,a9361_HiSeq,0.0034837999184593993,0.035346228885446
3p,33,a9361_HiSeq,0.003578423221622575,0.03770328264113909
3p,34,a9361_HiSeq,0.0036019959409530847,0.04049871786741533
3p,35,a9361_HiSeq,0.003364142485223875,0.04205389781849899
3p,36,a9361_HiSeq,0.0034789821451153176,0.04418088180612341
3p,37,a9361_HiSeq,0.003519376149594771,0.045187017696337636
3p,38,a9361_HiSeq,0.0034818491411716303,0.048502752563991766
3p,39,a9361_HiSeq,0.003651109290189647,0.05031942317080963
3p,40,a9361_HiSeq,0.0037457090565323325,0.051650710484232025
3p,41,a9361_HiSeq,0.0034418566602167104,0.054868741171743354
3p,42,a9361_HiSeq,0.003776896628642076,0.05715473987151578
3p,43,a9361_HiSeq,0.003986968795754931,0.058735775597710066
3p,44,a9361_HiSeq,0.0037671976602178716,0.06087038909187155
3p,45,a9361_HiSeq,0.004315654628550119,0.06097983681487364
3p,46,a9361_HiSeq,0.004039173921818646,0.061704084529799405
3p,47,a9361_HiSeq,0.0037530316262745643,0.06251117596107926
3p,48,a9361_HiSeq,0.003914968272018975,0.06270619458033803
3p,49,a9361_HiSeq,0.00386675292982858,0.06317974221699944
3p,50,a9361_HiSeq,0.003383672875871097,0.06371383007204615
3p,51,a9361_HiSeq,0.0037755414126484097,0.06411019211161359
3p,52,a9361_HiSeq,0.003949651376963613,0.06564579003155499
3p,53,a9361_HiSeq,0.0032852982116639102,0.06424813065271855
3p,54,a9361_HiSeq,0.0032922142348964334,0.06680431382717342
3p,55,a9361_HiSeq,0.0035879125460774666,0.06897341999696491
3p,56,a9361_HiSeq,0.003697994102335566,0.06821727941832409
3p,57,a9361_HiSeq,0.0037020955465381766,0.0690812914806541
3p,58,a9361_HiSeq,0.0035102702158703665,0.06544158308495757
3p,59,a9361_HiSeq,0.0035862971005080554,0.06659907115328029
3p,60,a9361_HiSeq,0.003112176360558324,0.06776194670380964
3p,61,a9361_HiSeq,0.0037467642728222666,0.06802610672723072
3p,62,a9361_HiSeq,0.0046343859407921364,0.06746706213291609
3p,63,a9361_HiSeq,0.0034221448357066786,0.06886620331948509
3p,64,a9361_HiSeq,0.0036461497625858968,0.06866007986194153
3p,65,a9361_HiSeq,0.0038784733930081173,0.07137118456876569
3p,66,a9361_HiSeq,0.003336411734714876,0.06639894214051355
3p,67,a9361_HiSeq,0.00367510155234117,0.0679726571442831
3p,68,a9361_HiSeq,0.003424616580834352,0.0705951767029172
3p,69,a9361_HiSeq,0.0032869864229716217,0.06299505595611782
3p,70,a9361_HiSeq,0.003634519480886867,0.06660756925562894
5p,1,a9361_HiSeq,0.010092526601419363,0.33064523107410493
5p,2,a9361_HiSeq,0.006753960454000804,0.07559611539019474
5p,3,a9361_HiSeq,0.004144160266530451,0.046297003241577206
5p,4,a9361_HiSeq,0.0034616593071307316,0.03021009861474085
5p,5,a9361_HiSeq,0.0031259703597515827,0.022680056296293744
5p,6,a9361_HiSeq,0.0032464321605719013,0.01960820703398945
5p,7,a9361_HiSeq,0.0030822191303975623,0.016778594576011413
5p,8,a9361_HiSeq,0.0030757602010548636,0.015150878453521867
5p,9,a9361_HiSeq,0.00309533226769957,0.014211761335732213
5p,10,a9361_HiSeq,0.003006150469961769,0.012447009673599681
5p,11,a9361_HiSeq,0.0029997454749944173,0.01208093101118848
5p,12,a9361_HiSeq,0.002712150561551755,0.011536872608632755
5p,13,a9361_HiSeq,0.002950539177779755,0.011897335819457913
5p,14,a9361_HiSeq,0.002976108847806482,0.011834493019084628
5p,15,a9361_HiSeq,0.002922107837113971,0.011966450808793855
5p,16,a9361_HiSeq,0.0029191959361934954,0.01185882287226894
5p,17,a9361_HiSeq,0.0029813879280214933,0.012243374809205045
5p,18,a9361_HiSeq,0.002710711831090517,0.01161416092298274
5p,19,a9361_HiSeq,0.0028674815848299135,0.011889025656477238
5p,20,a9361_HiSeq,0.0028184411808697676,0.01180016201009857
5p,21,a9361_HiSeq,0.0029284372492892636,0.012442161098418187
5p,22,a9361_HiSeq,0.0028573642363009994,0.012552456604913494
5p,23,a9361_HiSeq,0.002958178345475758,0.01273445925424185
5p,24,a9361_HiSeq,0.0030204787856270504,0.01262654730418006
5p,25,a9361_HiSeq,0.002926302232602504,0.013392012280285304
5p,26,a9361_HiSeq,0.0031652568006063416,0.01416114267192307
5p,27,a9361_HiSeq,0.002794089050848383,0.014475765205427706
5p,28,a9361_HiSeq,0.002991732523613513,0.015943656081529926
5p,29,a9361_HiSeq,0.0030792936237882245,0.022912116487501792
5p,30,a9361_HiSeq,0.003055748599237624,0.0399119564815771
5p,31,a9361_HiSeq,0.002785662838604678,0.043023856648245824
5p,32,a9361_HiSeq,0.0030683353868300855,0.04519882251676799
5p,33,a9361_HiSeq,0.0031223384339338052,0.04935128495849
5p,34,a9361_HiSeq,0.0029717872097289955,0.052223025114860044
5p,35,a9361_HiSeq,0.0029664729063562777,0.05569733652429107
5p,36,a9361_HiSeq,0.0027618629689279356,0.05833916525662242
5p,37,a9361_HiSeq,0.003016084347692404,0.06085870274554986
5p,38,a9361_HiSeq,0.002991463393921202,0.06152494285269759
5p,39,a9361_HiSeq,0.003021001632141254,0.06554965222053574
5p,40,a9361_HiSeq,0.003164718257186781,0.06868530805061418
5p,41,a9361_HiSeq,0.003230954123466091,0.07158796924613672
5p,42,a9361_HiSeq,0.0033536032984869436,0.07581544922596677
5p,43,a9361_HiSeq,0.003113064407258056,0.0765389193627548
5p,44,a9361_HiSeq,0.002780016218881459,0.07731348263820556
5p,45,a9361_HiSeq,0.0032399938492420777,0.08033329403952773
5p,46,a9361_HiSeq,0.0031824557674937567,0.0810104256316092
5p,47,a9361_HiSeq,0.0027376584656234604,0.0793893547777679
5p,48,a9361_HiSeq,0.0032004582183269518,0.08107194300028867
5p,49,a9361_HiSeq,0.0030116878732672886,0.08153939537062314
5p,50,a9361_HiSeq,0.0026701444360470493,0.08400736912075092
5p,51,a9361_HiSeq,0.0026857673977593133,0.08369916540844943
5p,52,a9361_HiSeq,0.003149011292650188,0.08422243442229589
5p,53,a9361_HiSeq,0.0030957723610248863,0.08336299464871282
5p,54,a9361_HiSeq,0.002735977370708004,0.08289252142263212
5p,55,a9361_HiSeq,0.0032068371631898745,0.08415604204184395
5p,56,a9361_HiSeq,0.002920535369017851,0.08810803403854427
5p,57,a9361_HiSeq,0.0028425366673877637,0.08374806108690264
5p,58,a9361_HiSeq,0.003303518564991163,0.08561000682350359
5p,59,a9361_HiSeq,0.0028086934450782955,0.08627533064740985
5p,60,a9361_HiSeq,0.0031322181787327118,0.08949571985358448
5p,61,a9361_HiSeq,0.0034531680723211555,0.0842695013116169
5p,62,a9361_HiSeq,0.002458934878492075,0.08628189147821541
5p,63,a9361_HiSeq,0.002906585716340145,0.08422308481927383
5p,64,a9361_HiSeq,0.0035022831591341196,0.0874136352363784
5p,65,a9361_HiSeq,0.0024983047455560694,0.08850787862721626
5p,66,a9361_HiSeq,0.003119852244851269,0.08224289999844052
5p,67,a9361_HiSeq,0.0027315750116019017,0.0874487451999473
5p,68,a9361_HiSeq,0.003751037335332025,0.08387578381509349
5p,69,a9361_HiSeq,0.003155591975648013,0.0837244300171828
5p,70,a9361_HiSeq,0.0023416999928488023,0.08520260568761162
3p,1,a9361_NovaSeq,0.004248979019176693,0.39625904561084613
3p,2,a9361_NovaSeq,0.0042653472771659005,0.19286119051617934
3p,3,a9361_NovaSeq,0.0033416829825496687,0.04646287934797107
3p,4,a9361_NovaSeq,0.003218545619955714,0.032413125836403656
3p,5,a9361_NovaSeq,0.0030382234964202014,0.02573745637840117
3p,6,a9361_NovaSeq,0.003046424531591266,0.020223024545911107
3p,7,a9361_NovaSeq,0.0030045535159453187,0.017377231965455233
3p,8,a9361_NovaSeq,0.003041345223727944,0.01538504517393733
3p,9,a9361_NovaSeq,0.002988769160174344,0.01379175904668555
3p,10,a9361_NovaSeq,0.0029665356955208286,0.012524005915011705
3p,11,a9361_NovaSeq,0.0029308534355954527,0.011855126950325057
3p,12,a9361_NovaSeq,0.0029147145465531063,0.011492068355186246
3p,13,a9361_NovaSeq,0.002885722238523681,0.011356333632510705
3p,14,a9361_NovaSeq,0.0029431407605447933,0.011400997301319342
3p,15,a9361_NovaSeq,0.00291232631334273,0.011445901490738049
3p,16,a9361_NovaSeq,0.0028997996721530535,0.01143444094993527
3p,17,a9361_NovaSeq,0.002908792384948086,0.011519452410093488
3p,18,a9361_NovaSeq,0.002877275148757137,0.011605651164706896
3p,19,a9361_NovaSeq,0.0028784676319053015,0.011613650316153457
3p,20,a9361_NovaSeq,0.0028765309918673265,0.011691362588790215
3p,21,a9361_NovaSeq,0.002862626992433056,0.011854825604360776
3p,22,a9361_NovaSeq,0.0028812283179246055,0.011898582416990305
3p,23,a9361_NovaSeq,0.0028804929072966685,0.01227629316483296
3p,24,a9361_NovaSeq,0.002887265378674269,0.012586168527976463
3p,25,a9361_NovaSeq,0.002903256326074175,0.012983994523075467
3p,26,a9361_NovaSeq,0.0029639874311204392,0.013351696721076143
3p,27,a9361_NovaSeq,0.002974163590486272,0.013992623605028166
3p,28,a9361_NovaSeq,0.0030466632865183314,0.01535166861854267
3p,29,a9361_NovaSeq,0.003264674899944143,0.017814914476921594
3p,30,a9361_NovaSeq,0.0036318801187969424,0.03249786983079112
3p,31,a9361_NovaSeq,0.0036259122105596437,0.035146582123699366
3p,32,a9361_NovaSeq,0.00357174750724446,0.03741519660896834
3p,33,a9361_NovaSeq,0.0035964751594962877,0.0399027218493737
3p,34,a9361_NovaSeq,0.003619046178231314,0.04215763428091625
3p,35,a9361_NovaSeq,0.003594715575926493,0.04425201278450078
3p,36,a9361_NovaSeq,0.003661075220227529,0.046262204014061045
3p,37,a9361_NovaSeq,0.003660951336152866,0.048179960698549365
3p,38,a9361_NovaSeq,0.0036747936824212866,0.0500651608757994
3p,39,a9361_NovaSeq,0.003726524422143457,0.052084294917238524
3p,40,a9361_NovaSeq,0.0037766174105965033,0.05413607245209001
3p,41,a9361_NovaSeq,0.0038134976846570592,0.05628972361560193
3p,42,a9361_NovaSeq,0.003921222841890726,0.06090559486126135
3p,43,a9361_NovaSeq,0.003923303525282402,0.06226063243623309
3p,44,a9361_NovaSeq,0.004019642280432127,0.06335716660167268
3p,45,a9361_NovaSeq,0.0039426343540246815,0.06425792372563523
3p,46,a9361_NovaSeq,0.0039315450081357315,0.06556183758576234
3p,47,a9361_NovaSeq,0.003923183146398116,0.0660287629766679
3p,48,a9361_NovaSeq,0.00394281259083782,0.06694910131759976
3p,49,a9361_NovaSeq,0.0039106168025303005,0.06801980353750772
3p,50,a9361_NovaSeq,0.0038861986878162107,0.06859593573726133
3p,51,a9361_NovaSeq,0.003830689984534912,0.06895771905174485
3p,52,a9361_NovaSeq,0.003903372418714655,0.06913059765875122
3p,53,a9361_NovaSeq,0.0038782776462063075,0.06991106311324174
3p,54,a9361_NovaSeq,0.003832006055302876,0.06999957929136427
3p,55,a9361_NovaSeq,0.00399623786218501,0.07047720798039402
3p,56,a9361_NovaSeq,0.003843174096914582,0.07049167721394739
3p,57,a9361_NovaSeq,0.00379606414439132,0.071302703853761
3p,58,a9361_NovaSeq,0.003845852940757915,0.07130470021445744
3p,59,a9361_NovaSeq,0.00375736619582013,0.07059241596337323
3p,60,a9361_NovaSeq,0.0039007019394439423,0.07173974596710914
3p,61,a9361_NovaSeq,0.0037802931022596084,0.07163011959628582
3p,62,a9361_NovaSeq,0.0038591263223186085,0.0720644925861671
3p,63,a9361_NovaSeq,0.0037467999646775708,0.07273324605045411
3p,64,a9361_NovaSeq,0.003928520835276309,0.07568214886511326
3p,65,a9361_NovaSeq,0.0039760928263292885,0.07398992761252565
3p,66,a9361_NovaSeq,0.003874161461901837,0.07360586993653645
3p,67,a9361_NovaSeq,0.00391510059527944,0.0731624667515233
3p,68,a9361_NovaSeq,0.003905729493467065,0.07367254126982536
3p,69,a9361_NovaSeq,0.004113072699880099,0.07134452994397208
3p,70,a9361_NovaSeq,0.0036742887389351873,0.07065788368354577
5p,1,a9361_NovaSeq,0.011125423734285106,0.3243854905180712
5p,2,a9361_NovaSeq,0.006792706591652265,0.07361560393209497
5p,3,a9361_NovaSeq,0.0042437505491834775,0.04457549859015596
5p,4,a9361_NovaSeq,0.0033113080304400175,0.028494772000084132
5p,5,a9361_NovaSeq,0.0032480219891755256,0.021916197769847327
5p,6,a9361_NovaSeq,0.0031580804777576466,0.018886385834158248
5p,7,a9361_NovaSeq,0.0030777228953398576,0.01647548780375304
5p,8,a9361_NovaSeq,0.003009914032126042,0.014589697242109248
5p,9,a9361_NovaSeq,0.0029897432822094516,0.013208608126919114
5p,10,a9361_NovaSeq,0.0029682034823179937,0.012129620708016688
5p,11,a9361_NovaSeq,0.002905484446589093,0.011676020348325353
5p,12,a9361_NovaSeq,0.002920383263437229,0.011369475970719781
5p,13,a9361_NovaSeq,0.0029304806803348805,0.011465483229392675
5p,14,a9361_NovaSeq,0.0029195833416163224,0.0113897436719085
5p,15,a9361_NovaSeq,0.0028765188907554553,0.011464843938003118
5p,16,a9361_NovaSeq,0.0029113236437173116,0.01153483270444906
5p,17,a9361_NovaSeq,0.002878221789195152,0.011612450568977504
5p,18,a9361_NovaSeq,0.002859801340017562,0.011666112669309385
5p,19,a9361_NovaSeq,0.002851998645173416,0.011737898608162304
5p,20,a9361_NovaSeq,0.0028589965404864645,0.011658363669144575
5p,21,a9361_NovaSeq,0.0028604000835261694,0.011907391443593807
5p,22,a9361_NovaSeq,0.002911646405576454,0.01205453055198895
5p,23,a9361_NovaSeq,0.002897947683306823,0.0123384375471739
5p,24,a9361_NovaSeq,0.002913179401804179,0.012650781414025078
5p,25,a9361_NovaSeq,0.0029492445511917244,0.012939127930728066
5p,26,a9361_NovaSeq,0.0029198540331216412,0.013547046997609436
5p,27,a9361_NovaSeq,0.0029352721075162,0.01444188625211145
5p,28,a9361_NovaSeq,0.0029522308754536073,0.015737049953208602
5p,29,a9361_NovaSeq,0.0030021618297774878,0.023769875080837763
5p,30,a9361_NovaSeq,0.003061346533793651,0.04241621507633475
5p,31,a9361_NovaSeq,0.0030452402833558287,0.045848869354950555
5p,32,a9361_NovaSeq,0.0029905291060809266,0.04957947630133445
5p,33,a9361_NovaSeq,0.0030081251415624644,0.05259612565414848
5p,34,a9361_NovaSeq,0.0029892287152176156,0.05585192839244865
5p,35,a9361_NovaSeq,0.0029652749966985145,0.058366320878118355
5p,36,a9361_NovaSeq,0.003020164465129793,0.061209333674384095
5p,37,a9361_NovaSeq,0.003001129057121101,0.06385853031920047
5p,38,a9361_NovaSeq,0.002968701026240963,0.06625008205784437
5p,39,a9361_NovaSeq,0.002998817993321072,0.0689228062520735
5p,40,a9361_NovaSeq,0.0030186865341111147,0.07167242936738627
5p,41,a9361_NovaSeq,0.0030561860522868387,0.07529990792096156
5p,42,a9361_NovaSeq,0.0031170091331400957,0.08016609187847912
5p,43,a9361_NovaSeq,0.0030801543921946525,0.08161373235542085
5p,44,a9361_NovaSeq,0.0030433708211227775,0.08326894291648165
5p,45,a9361_NovaSeq,0.0031257928856875867,0.08468582634691954
5p,46,a9361_NovaSeq,0.0030368228693952917,0.08606046493820974
5p,47,a9361_NovaSeq,0.00308339953150717,0.08703637134691738
5p,48,a9361_NovaSeq,0.003030046197743907,0.08767001254937992
5p,49,a9361_NovaSeq,0.002994950368519333,0.08867857615620814
5p,50,a9361_NovaSeq,0.0029749975297888877,0.08965700256513245
5p,51,a9361_NovaSeq,0.0029914104009611388,0.09025758026332922
5p,52,a9361_NovaSeq,0.002945908127889938,0.09030805686638763
5p,53,a9361_NovaSeq,0.0030076693037854913,0.09137730571656513
5p,54,a9361_NovaSeq,0.0029366905459535624,0.09097510742306857
5p,55,a9361_NovaSeq,0.0030059525431717768,0.09166108154412721
5p,56,a9361_NovaSeq,0.002994667182391905,0.09130421567323085
5p,57,a9361_NovaSeq,0.002982624165114086,0.09172362111536235
5p,58,a9361_NovaSeq,0.0028877940181491835,0.09141236934335278
5p,59,a9361_NovaSeq,0.002991926644622461,0.09229150346750978
5p,60,a9361_NovaSeq,0.0029609900537153205,0.09168190992107897
5p,61,a9361_NovaSeq,0.0029376389845757016,0.09187939871577824
5p,62,a9361_NovaSeq,0.0029532006972879843,0.09160244691248365
5p,63,a9361_NovaSeq,0.003002752821906379,0.09348969581964503
5p,64,a9361_NovaSeq,0.0030502959945939486,0.09562820319610066
5p,65,a9361_NovaSeq,0.0030770053277234047,0.09472296682852316
5p,66,a9361_NovaSeq,0.002971802975644977,0.09358088611320958
5p,67,a9361_NovaSeq,0.0030426781805710343,0.0935806224253985
5p,68,a9361_NovaSeq,0.0029150408719830585,0.09245699710182796
5p,69,a9361_NovaSeq,0.0029733796518516932,0.09255071125151434
5p,70,a9361_NovaSeq,0.0029294964833751044,0.08947881800595178
3p,1,a9362_HiSeq,0.004463940063240418,0.3964078721019582
3p,2,a9362_HiSeq,0.004318029322235002,0.2004523331116601
3p,3,a9362_HiSeq,0.003178541094068196,0.04840741429421398
3p,4,a9362_HiSeq,0.0034528093181085077,0.03385481336178398
3p,5,a9362_HiSeq,0.0031199787082692903,0.0264799204639401
3p,6,a9362_HiSeq,0.003156254990760829,0.02167353041768641
3p,7,a9362_HiSeq,0.002944411909808869,0.018115327876796553
3p,8,a9362_HiSeq,0.0030954996551422163,0.01611198037533453
3p,9,a9362_HiSeq,0.003096529599158176,0.014750501996443266
3p,10,a9362_HiSeq,0.00291021069432766,0.013142990834119989
3p,11,a9362_HiSeq,0.003018984186345144,0.012607991856960276
3p,12,a9362_HiSeq,0.0028359906075153115,0.012441167818661735
3p,13,a9362_HiSeq,0.0029311870505313213,0.01204025181589611
3p,14,a9362_HiSeq,0.002931735409499754,0.011903669702076371
3p,15,a9362_HiSeq,0.0029654121261581297,0.011916709700800613
3p,16,a9362_HiSeq,0.002999393436300778,0.012209614900627512
3p,17,a9362_HiSeq,0.0028219783846825117,0.01243610603629107
3p,18,a9362_HiSeq,0.0028514770719990984,0.012127009081459361
3p,19,a9362_HiSeq,0.0028333320296794894,0.01243762408641096
3p,20,a9362_HiSeq,0.0027809084756477967,0.01237456241771824
3p,21,a9362_HiSeq,0.0027603612317060587,0.012966919204036916
3p,22,a9362_HiSeq,0.002975762517154675,0.01302032258791538
3p,23,a9362_HiSeq,0.003018946686533525,0.01353634991479694
3p,24,a9362_HiSeq,0.003077446511399338,0.013151874231807765
3p,25,a9362_HiSeq,0.003064755536044831,0.013598831092894682
3p,26,a9362_HiSeq,0.0030423123451725886,0.014573201683745488
3p,27,a9362_HiSeq,0.003194336288406289,0.014764024485454372
3p,28,a9362_HiSeq,0.003189884323257086,0.016349655464248325
3p,29,a9362_HiSeq,0.0035694314114900778,0.018039956553384466
3p,30,a9362_HiSeq,0.0037316140086783205,0.03150687513969716
3p,31,a9362_HiSeq,0.0034737553535423493,0.033796928717181
3p,32,a9362_HiSeq,0.0036385557467879383,0.035480559895576406
3p,33,a9362_HiSeq,0.003737538906136684,0.03761997196369962
3p,34,a9362_HiSeq,0.00426088990828531,0.0404787570404513
3p,35,a9362_HiSeq,0.003795734855555436,0.04202729948243589
3p,36,a9362_HiSeq,0.004067637241653368,0.04395388767278306
3p,37,a9362_HiSeq,0.003688997448463959,0.04578023291592798
3p,38,a9362_HiSeq,0.00405190154836783,0.04908966609521148
3p,39,a9362_HiSeq,0.003990999394989697,0.05121675827628882
3p,40,a9362_HiSeq,0.00428890619693845,0.05271474391932072
3p,41,a9362_HiSeq,0.004112245547278803,0.05466332807922411
3p,42,a9362_HiSeq,0.004443797997910412,0.05835623158155526
3p,43,a9362_HiSeq,0.004161411005815459,0.05880142025511971
3p,44,a9362_HiSeq,0.004241136922359696,0.059566712145452186
3p,45,a9362_HiSeq,0.00407754824779088,0.06297739629359664
3p,46,a9362_HiSeq,0.004194137353796428,0.06364860503455301
3p,47,a9362_HiSeq,0.004130690148795708,0.06290677171000547
3p,48,a9362_HiSeq,0.004141442193377087,0.06190426316278409
3p,49,a9362_HiSeq,0.004412028849806236,0.06506032638736303
3p,50,a9362_HiSeq,0.004162959039103287,0.062176051675291985
3p,51,a9362_HiSeq,0.004316038302443923,0.06550329954360001
3p,52,a9362_HiSeq,0.0037946356520424966,0.06567656415845781
3p,53,a9362_HiSeq,0.00435294612104543,0.06541258345823406
3p,54,a9362_HiSeq,0.004223439645007491,0.06867534353946697
3p,55,a9362_HiSeq,0.004322137638265524,0.0668212969163923
3p,56,a9362_HiSeq,0.004409424257407223,0.0657915399591335
3p,57,a9362_HiSeq,0.004296793871386949,0.06580387228332515
3p,58,a9362_HiSeq,0.0043761693005104066,0.06628935470903904
3p,59,a9362_HiSeq,0.004089841122241809,0.0658626871793016
3p,60,a9362_HiSeq,0.004144563080756232,0.06804269625484363
3p,61,a9362_HiSeq,0.004354706020617172,0.06709957927534227
3p,62,a9362_HiSeq,0.004156009694854178,0.06702965423895657
3p,63,a9362_HiSeq,0.00392535878623743,0.06779473143551082
3p,64,a9362_HiSeq,0.004425598153823575,0.06701109370226083
3p,65,a9362_HiSeq,0.005679894159403881,0.06917268098055301
3p,66,a9362_HiSeq,0.005725308530117417,0.0698984029856218
3p,67,a9362_HiSeq,0.004872294430212332,0.07403210935911955
3p,68,a9362_HiSeq,0.004174997852804901,0.06623545698161525
3p,69,a9362_HiSeq,0.003119965036983154,0.06754227740217715
3p,70,a9362_HiSeq,0.0038536473562855544,0.06710092030970885
5p,1,a9362_HiSeq,0.014553855018855429,0.3303511609614542
5p,2,a9362_HiSeq,0.008239769516450314,0.07915473299231271
5p,3,a9362_HiSeq,0.004757288783774707,0.04766459099459429
5p,4,a9362_HiSeq,0.0035889371270667273,0.030271295154010613
5p,5,a9362_HiSeq,0.003393703545205239,0.023025880260661363
5p,6,a9362_HiSeq,0.0031103451849980044,0.019879014281955404
5p,7,a9362_HiSeq,0.0031665397215832063,0.01758263995892013
5p,8,a9362_HiSeq,0.003002165829938911,0.015776852141152948
5p,9,a9362_HiSeq,0.0032011491731076206,0.014274940561147267
5p,10,a9362_HiSeq,0.0029866940603989226,0.013057944678127851
5p,11,a9362_HiSeq,0.002838731987000539,0.012583126843403316
5p,12,a9362_HiSeq,0.002983551834536406,0.012353620453229887
5p,13,a9362_HiSeq,0.00284599818899893,0.012459693339587768
5p,14,a9362_HiSeq,0.003079490027953565,0.011897127644257502
5p,15,a9362_HiSeq,0.002932655086623868,0.01202237751474304
5p,16,a9362_HiSeq,0.002841384231097393,0.012199065744753339
5p,17,a9362_HiSeq,0.003031137931206479,0.012687558058008678
5p,18,a9362_HiSeq,0.002970976057839219,0.011880539338622948
5p,19,a9362_HiSeq,0.0028861107838480783,0.012411470124805316
5p,20,a9362_HiSeq,0.0029117095952622667,0.012200336794350062
5p,21,a9362_HiSeq,0.003001620150211931,0.012416209629254797
5p,22,a9362_HiSeq,0.003068669483613635,0.012884811177183469
5p,23,a9362_HiSeq,0.0030560675278978548,0.012801966998735734
5p,24,a9362_HiSeq,0.003044700595085612,0.01358323882665875
5p,25,a9362_HiSeq,0.002946744763184596,0.013624766882671717
5p,26,a9362_HiSeq,0.003243492612477238,0.01446154351034969
5p,27,a9362_HiSeq,0.002948790015056499,0.015020378992883806
5p,28,a9362_HiSeq,0.0032187330895037955,0.016635353624178457
5p,29,a9362_HiSeq,0.0028006174142896135,0.023238557970425698
5p,30,a9362_HiSeq,0.0031138472262423585,0.04016132647773448
5p,31,a9362_HiSeq,0.0028499741551955616,0.043655127264507085
5p,32,a9362_HiSeq,0.0030069253386049775,0.0468405457296449
5p,33,a9362_HiSeq,0.002947236362773734,0.049806005922443886
5p,34,a9362_HiSeq,0.0028113916880595597,0.05188827612900865
5p,35,a9362_HiSeq,0.0031379754048301914,0.05391472989168948
5p,36,a9362_HiSeq,0.003094470430054933,0.05730444109363866
5p,37,a9362_HiSeq,0.0029784354269230253,0.059082101808443574
5p,38,a9362_HiSeq,0.0031515331995460904,0.06355858977999641
5p,39,a9362_HiSeq,0.003036740714047654,0.0654381509859763
5p,40,a9362_HiSeq,0.003048038274434551,0.06798550103597614
5p,41,a9362_HiSeq,0.0029300998620647935,0.0717791169074692
5p,42,a9362_HiSeq,0.0033929420530062725,0.07645167296791783
5p,43,a9362_HiSeq,0.002993242892796834,0.07725415228641516
5p,44,a9362_HiSeq,0.0032568091096898235,0.07819510625617579
5p,45,a9362_HiSeq,0.0033975958341030247,0.07978818873209635
5p,46,a9362_HiSeq,0.0028607214862765695,0.08111595483500783
5p,47,a9362_HiSeq,0.002713890284057508,0.08091326876842095
5p,48,a9362_HiSeq,0.0025160452756270235,0.08176821958552963
5p,49,a9362_HiSeq,0.0031863442585388178,0.0841228203061819
5p,50,a9362_HiSeq,0.0028131243456424506,0.08634291632203298
5p,51,a9362_HiSeq,0.002667829494696566,0.08414455478784198
5p,52,a9362_HiSeq,0.0029687554389235355,0.08451371765704888
5p,53,a9362_HiSeq,0.0027692206417163825,0.08718924623883717
5p,54,a9362_HiSeq,0.0029116079894091675,0.08467736004820443
5p,55,a9362_HiSeq,0.0030450989363093673,0.08453964100314793
5p,56,a9362_HiSeq,0.002914778954759601,0.08438694038776456
5p,57,a9362_HiSeq,0.0029002626859514595,0.08410708760719085
5p,58,a9362_HiSeq,0.002587983100464917,0.08689909791939474
5p,59,a9362_HiSeq,0.00304351738883986,0.08516777818006128
5p,60,a9362_HiSeq,0.0024030338840379134,0.08472015464188196
5p,61,a9362_HiSeq,0.0029588646842698633,0.08061393567247721
5p,62,a9362_HiSeq,0.0026839756998696786,0.08336157274998379
5p,63,a9362_HiSeq,0.002624125142235918,0.09017348704032777
5p,64,a9362_HiSeq,0.0031824670679174655,0.08812074452154028
5p,65,a9362_HiSeq,0.0018171995223991999,0.08912398636532262
5p,66,a9362_HiSeq,0.003049457490160514,0.09196521713102124
5p,67,a9362_HiSeq,0.003450413049294393,0.08686139456588751
5p,68,a9362_HiSeq,0.0026442173951055897,0.0872125192082244
5p,69,a9362_HiSeq,0.0030077636694099295,0.08658433807150864
5p,70,a9362_HiSeq,0.003228352603910142,0.07919880551222497
3p,1,a9362_NovaSeq,0.004452504451396531,0.39813884893263396
3p,2,a9362_NovaSeq,0.004324715080709683,0.1966867801828151
3p,3,a9362_NovaSeq,0.0034057366384065827,0.04697252163990985
3p,4,a9362_NovaSeq,0.003271152046167281,0.03286647057000981
3p,5,a9362_NovaSeq,0.0031295456292697683,0.026040949842748806
3p,6,a9362_NovaSeq,0.0031006238947368894,0.02057399497959672
3p,7,a9362_NovaSeq,0.003053117390138058,0.01765618488430035
3p,8,a9362_NovaSeq,0.0030609066777626585,0.015677833128301438
3p,9,a9362_NovaSeq,0.003072033002969781,0.014057258534871952
3p,10,a9362_NovaSeq,0.002994080574163006,0.012803661167951213
3p,11,a9362_NovaSeq,0.0029488492702653664,0.012206851653131186
3p,12,a9362_NovaSeq,0.0029849799995489536,0.011853088141444632
3p,13,a9362_NovaSeq,0.0029644338811586606,0.011649107930675712
3p,14,a9362_NovaSeq,0.002982967577145712,0.011541092887655046
3p,15,a9362_NovaSeq,0.0029797319100529495,0.011678953038871839
3p,16,a9362_NovaSeq,0.00293535981883763,0.011676620102310433
3p,17,a9362_NovaSeq,0.0029285364595527134,0.011653455813828126
3p,18,a9362_NovaSeq,0.0029443570786925437,0.011668008432631579
3p,19,a9362_NovaSeq,0.002943502211971754,0.011808359889087234
3p,20,a9362_NovaSeq,0.0029254943206370506,0.01185362796506757
3p,21,a9362_NovaSeq,0.002877889021281657,0.012038115590984888
3p,22,a9362_NovaSeq,0.0029207627622763986,0.012177948329366608
3p,23,a9362_NovaSeq,0.0029793379667075685,0.012442110351762996
3p,24,a9362_NovaSeq,0.0029550048673726674,0.01284805331303414
3p,25,a9362_NovaSeq,0.002991625212683641,0.01317138075239535
3p,26,a9362_NovaSeq,0.003013140376611349,0.013607529361535423
3p,27,a9362_NovaSeq,0.0030479299022072755,0.0143251296985934
3p,28,a9362_NovaSeq,0.0031492440090591764,0.0156313852234742
3p,29,a9362_NovaSeq,0.003468399274629334,0.018191967345120984
3p,30,a9362_NovaSeq,0.004132782268050861,0.032649702388972066
3p,31,a9362_NovaSeq,0.004113718332468177,0.0352680904088634
3p,32,a9362_NovaSeq,0.004107326362647103,0.03759628622975249
3p,33,a9362_NovaSeq,0.0041732851395646945,0.04019081526579511
3p,34,a9362_NovaSeq,0.00416964007304314,0.042426790996557225
3p,35,a9362_NovaSeq,0.004185233862671967,0.04465781495926438
3p,36,a9362_NovaSeq,0.004314110094660333,0.046569885684136
3p,37,a9362_NovaSeq,0.004270872226468162,0.04856149045516013
3p,38,a9362_NovaSeq,0.004327740424996945,0.05061874778805851
3p,39,a9362_NovaSeq,0.004386040371749405,0.05265397176380664
3p,40,a9362_NovaSeq,0.004483752398064552,0.05485798858913574
3p,41,a9362_NovaSeq,0.004581687542652118,0.05727758583804596
3p,42,a9362_NovaSeq,0.00471667301929052,0.06162998125778292
3p,43,a9362_NovaSeq,0.004735454086172777,0.06307288006008614
3p,44,a9362_NovaSeq,0.004670534920687948,0.06390022466337265
3p,45,a9362_NovaSeq,0.004789891622115657,0.06500702008622009
3p,46,a9362_NovaSeq,0.00472076674907795,0.06610424125280817
3p,47,a9362_NovaSeq,0.004693579561080286,0.06691932797078068
3p,48,a9362_NovaSeq,0.004646885653215736,0.06762520499919038
3p,49,a9362_NovaSeq,0.004694128727758042,0.06850716190282213
3p,50,a9362_NovaSeq,0.004805280630903257,0.0694787006266445
3p,51,a9362_NovaSeq,0.0045380909133569906,0.06972417050196561
3p,52,a9362_NovaSeq,0.004740633407646745,0.07009398305547797
3p,53,a9362_NovaSeq,0.004695048835790397,0.07058621682066099
3p,54,a9362_NovaSeq,0.004687126749599589,0.07089011705686146
3p,55,a9362_NovaSeq,0.004559548695262551,0.07062112031242883
3p,56,a9362_NovaSeq,0.004699563091401283,0.07106559589430952
3p,57,a9362_NovaSeq,0.004700616462172579,0.07102706555609131
3p,58,a9362_NovaSeq,0.004628395727114085,0.07125618043968598
3p,59,a9362_NovaSeq,0.004520702661315139,0.07156761264022476
3p,60,a9362_NovaSeq,0.0046326844310468785,0.07167403021823712
3p,61,a9362_NovaSeq,0.004564388942881226,0.07224118227816431
3p,62,a9362_NovaSeq,0.004693517262869203,0.07320943625363155
3p,63,a9362_NovaSeq,0.004544137036802373,0.07343226657651186
3p,64,a9362_NovaSeq,0.004813612198098856,0.07647653069808476
3p,65,a9362_NovaSeq,0.004810140442582801,0.07538741995419446
3p,66,a9362_NovaSeq,0.004838530868464473,0.07441873935860913
3p,67,a9362_NovaSeq,0.0047983280429819185,0.0746611019013726
3p,68,a9362_NovaSeq,0.0045847486847545495,0.07241501097112912
3p,69,a9362_NovaSeq,0.004499074402077464,0.07241666316850529
3p,70,a9362_NovaSeq,0.00462569234548895,0.07305885729540365
5p,1,a9362_NovaSeq,0.016894253916632775,0.3243944192883301
5p,2,a9362_NovaSeq,0.009418962617495478,0.07615975937918139
5p,3,a9362_NovaSeq,0.004973724664169057,0.04568295644030664
5p,4,a9362_NovaSeq,0.0036036988104104347,0.029037006784224124
5p,5,a9362_NovaSeq,0.003386623364733428,0.022279389295344246
5p,6,a9362_NovaSeq,0.003207716834033658,0.019123908437694112
5p,7,a9362_NovaSeq,0.0030666296809443044,0.01675745580393334
5p,8,a9362_NovaSeq,0.003072563911273486,0.014904117754117652
5p,9,a9362_NovaSeq,0.0030446443452940212,0.013407602602507906
5p,10,a9362_NovaSeq,0.0029822376878189637,0.012386354982766704
5p,11,a9362_NovaSeq,0.0029753466873086794,0.011859995691644178
5p,12,a9362_NovaSeq,0.0029352456273161985,0.011595464563408115
5p,13,a9362_NovaSeq,0.002991980695243265,0.01163548150583508
5p,14,a9362_NovaSeq,0.0029593711281753025,0.011664188682737157
5p,15,a9362_NovaSeq,0.002950736306146213,0.011680512417585744
5p,16,a9362_NovaSeq,0.0029471032292244636,0.01170342309013998
5p,17,a9362_NovaSeq,0.0029446212945622476,0.011879309455362154
5p,18,a9362_NovaSeq,0.0029168936538289548,0.011913589565949026
5p,19,a9362_NovaSeq,0.0029553296495210745,0.011867570623166604
5p,20,a9362_NovaSeq,0.002931836255386416,0.011978796196067662
5p,21,a9362_NovaSeq,0.002907224044924444,0.01203061067544836
5p,22,a9362_NovaSeq,0.0029130869055266915,0.012317833864190489
5p,23,a9362_NovaSeq,0.0029596432474957007,0.0124864842787882
5p,24,a9362_NovaSeq,0.0029991865712762585,0.012845083878762745
5p,25,a9362_NovaSeq,0.0029915084896847137,0.013243659748690666
5p,26,a9362_NovaSeq,0.0029764853136117295,0.01384552475540198
5p,27,a9362_NovaSeq,0.002992095372044168,0.014614973320265907
5p,28,a9362_NovaSeq,0.0030323839809773684,0.01592371177299487
5p,29,a9362_NovaSeq,0.0030524717980881773,0.0239737430496793
5p,30,a9362_NovaSeq,0.0031372704601124925,0.0426948484922664
5p,31,a9362_NovaSeq,0.003068486363181487,0.04638851584481199
5p,32,a9362_NovaSeq,0.0030538033918304707,0.0496581949140425
5p,33,a9362_NovaSeq,0.0030304153396316386,0.053243424487322916
5p,34,a9362_NovaSeq,0.003064654886674972,0.05633726988405309
5p,35,a9362_NovaSeq,0.003020484002983324,0.05895991747996098
5p,36,a9362_NovaSeq,0.0030192081437556703,0.06200314565169586
5p,37,a9362_NovaSeq,0.0030302188880925694,0.06454816509696716
5p,38,a9362_NovaSeq,0.0030416903853336436,0.06716440041670253
5p,39,a9362_NovaSeq,0.003029539354146439,0.06987966675049662
5p,40,a9362_NovaSeq,0.0031317177526802254,0.07268705200050599
5p,41,a9362_NovaSeq,0.0031812901916894324,0.07615282947992402
5p,42,a9362_NovaSeq,0.0031809605236277384,0.0811695501149435
5p,43,a9362_NovaSeq,0.003180349717438829,0.08285703824820952
5p,44,a9362_NovaSeq,0.003177582835001969,0.08418253780156536
5p,45,a9362_NovaSeq,0.003083603181559166,0.08576714196733434
5p,46,a9362_NovaSeq,0.0031008751758671805,0.08706856609391822
5p,47,a9362_NovaSeq,0.0030778802946270344,0.08794291489683448
5p,48,a9362_NovaSeq,0.0030481165067642786,0.08888672117536991
5p,49,a9362_NovaSeq,0.003054917764140336,0.09007982829988989
5p,50,a9362_NovaSeq,0.003113967391374317,0.09014565622676737
5p,51,a9362_NovaSeq,0.003080366654863639,0.09122936405885533
5p,52,a9362_NovaSeq,0.0030903311242341277,0.09230829678889221
5p,53,a9362_NovaSeq,0.0029509350547377686,0.09219123513556257
5p,54,a9362_NovaSeq,0.0030801166302567074,0.09204520115199741
5p,55,a9362_NovaSeq,0.0028769001890069385,0.09228209886923974
5p,56,a9362_NovaSeq,0.003014747806749112,0.09265537441135688
5p,57,a9362_NovaSeq,0.0030537888688043765,0.09274144172331966
5p,58,a9362_NovaSeq,0.0030145300710637465,0.09300602938094717
5p,59,a9362_NovaSeq,0.0030121808004031627,0.09283519240869226
5p,60,a9362_NovaSeq,0.003103915339592515,0.09285407332445633
5p,61,a9362_NovaSeq,0.0030599510375297393,0.0930283167393404
5p,62,a9362_NovaSeq,0.0030285756151050883,0.09333213342816518
5p,63,a9362_NovaSeq,0.0028805452559520503,0.09487300684331557
5p,64,a9362_NovaSeq,0.00312314738425968,0.09689076765334258
5p,65,a9362_NovaSeq,0.0029299525321372245,0.09609624955736278
5p,66,a9362_NovaSeq,0.003105702723516109,0.09531716103283591
5p,67,a9362_NovaSeq,0.003031367611568122,0.09419950378355046
5p,68,a9362_NovaSeq,0.002964420999655831,0.0938208171847359
5p,69,a9362_NovaSeq,0.0029620050524695463,0.09274754007930555
5p,70,a9362_NovaSeq,0.0030699539592044566,0.09165921481877737
