Length,Occurences,SeqID
28,1,277_damaged
30,10,277_damaged
31,10,277_damaged
32,9,277_damaged
33,20,277_damaged
34,31,277_damaged
35,36,277_damaged
36,69,277_damaged
37,36379,277_damaged
38,119232,277_damaged
39,404144,277_damaged
40,142654461,277_damaged
41,364897,277_damaged
42,106442,277_damaged
43,31340,277_damaged
27,120,a9361_HiSeq
28,1309,a9361_HiSeq
29,2775,a9361_HiSeq
30,65761,a9361_HiSeq
31,67517,a9361_HiSeq
32,66751,a9361_HiSeq
33,66583,a9361_HiSeq
34,65824,a9361_HiSeq
35,64659,a9361_HiSeq
36,62705,a9361_HiSeq
37,60578,a9361_HiSeq
38,58249,a9361_HiSeq
39,55414,a9361_HiSeq
40,52546,a9361_HiSeq
41,49653,a9361_HiSeq
42,47969,a9361_HiSeq
43,44992,a9361_HiSeq
44,41888,a9361_HiSeq
45,39198,a9361_HiSeq
46,36804,a9361_HiSeq
47,33563,a9361_HiSeq
48,31049,a9361_HiSeq
49,28641,a9361_HiSeq
50,26368,a9361_HiSeq
51,24355,a9361_HiSeq
52,22334,a9361_HiSeq
53,20278,a9361_HiSeq
54,18614,a9361_HiSeq
55,17112,a9361_HiSeq
56,15644,a9361_HiSeq
57,14288,a9361_HiSeq
58,13070,a9361_HiSeq
59,11866,a9361_HiSeq
60,10811,a9361_HiSeq
61,9714,a9361_HiSeq
62,8500,a9361_HiSeq
63,7911,a9361_HiSeq
64,7504,a9361_HiSeq
65,6772,a9361_HiSeq
66,6128,a9361_HiSeq
67,5634,a9361_HiSeq
68,5075,a9361_HiSeq
69,4595,a9361_HiSeq
70,4274,a9361_HiSeq
71,3846,a9361_HiSeq
72,3459,a9361_HiSeq
73,3212,a9361_HiSeq
74,2870,a9361_HiSeq
75,2557,a9361_HiSeq
76,2331,a9361_HiSeq
77,2149,a9361_HiSeq
78,1937,a9361_HiSeq
79,1788,a9361_HiSeq
80,1609,a9361_HiSeq
81,1429,a9361_HiSeq
82,1342,a9361_HiSeq
83,1243,a9361_HiSeq
84,1115,a9361_HiSeq
85,1054,a9361_HiSeq
86,933,a9361_HiSeq
87,839,a9361_HiSeq
88,764,a9361_HiSeq
89,695,a9361_HiSeq
90,635,a9361_HiSeq
91,607,a9361_HiSeq
92,552,a9361_HiSeq
93,518,a9361_HiSeq
94,497,a9361_HiSeq
95,449,a9361_HiSeq
96,413,a9361_HiSeq
97,382,a9361_HiSeq
98,338,a9361_HiSeq
99,340,a9361_HiSeq
100,315,a9361_HiSeq
101,298,a9361_HiSeq
102,271,a9361_HiSeq
103,225,a9361_HiSeq
104,240,a9361_HiSeq
105,190,a9361_HiSeq
106,206,a9361_HiSeq
107,170,a9361_HiSeq
108,159,a9361_HiSeq
109,175,a9361_HiSeq
110,149,a9361_HiSeq
111,148,a9361_HiSeq
112,129,a9361_HiSeq
113,135,a9361_HiSeq
114,132,a9361_HiSeq
115,117,a9361_HiSeq
116,111,a9361_HiSeq
117,121,a9361_HiSeq
118,91,a9361_HiSeq
119,74,a9361_HiSeq
120,91,a9361_HiSeq
121,86,a9361_HiSeq
122,83,a9361_HiSeq
123,82,a9361_HiSeq
124,79,a9361_HiSeq
125,62,a9361_HiSeq
126,69,a9361_HiSeq
127,65,a9361_HiSeq
128,66,a9361_HiSeq
129,54,a9361_HiSeq
130,57,a9361_HiSeq
131,59,a9361_HiSeq
132,47,a9361_HiSeq
133,56,a9361_HiSeq
134,60,a9361_HiSeq
135,56,a9361_HiSeq
136,41,a9361_HiSeq
137,37,a9361_HiSeq
138,41,a9361_HiSeq
139,48,a9361_HiSeq
140,45,a9361_HiSeq
141,44,a9361_HiSeq
142,43,a9361_HiSeq
143,40,a9361_HiSeq
144,40,a9361_HiSeq
145,36,a9361_HiSeq
146,29,a9361_HiSeq
147,27,a9361_HiSeq
148,37,a9361_HiSeq
149,28,a9361_HiSeq
150,38,a9361_HiSeq
151,40,a9361_HiSeq
152,25,a9361_HiSeq
153,23,a9361_HiSeq
154,33,a9361_HiSeq
155,27,a9361_HiSeq
156,29,a9361_HiSeq
157,27,a9361_HiSeq
158,28,a9361_HiSeq
159,28,a9361_HiSeq
160,32,a9361_HiSeq
161,23,a9361_HiSeq
162,30,a9361_HiSeq
163,28,a9361_HiSeq
164,21,a9361_HiSeq
165,23,a9361_HiSeq
166,29,a9361_HiSeq
167,23,a9361_HiSeq
168,22,a9361_HiSeq
169,27,a9361_HiSeq
170,22,a9361_HiSeq
171,27,a9361_HiSeq
172,18,a9361_HiSeq
173,21,a9361_HiSeq
174,17,a9361_HiSeq
175,19,a9361_HiSeq
176,16,a9361_HiSeq
177,24,a9361_HiSeq
178,24,a9361_HiSeq
179,23,a9361_HiSeq
180,18,a9361_HiSeq
181,12,a9361_HiSeq
182,22,a9361_HiSeq
183,9,a9361_HiSeq
184,11,a9361_HiSeq
185,23,a9361_HiSeq
186,23,a9361_HiSeq
187,10,a9361_HiSeq
188,14,a9361_HiSeq
189,14,a9361_HiSeq
190,13,a9361_HiSeq
191,13,a9361_HiSeq
192,21,a9361_HiSeq
193,13,a9361_HiSeq
194,11,a9361_HiSeq
195,20,a9361_HiSeq
196,12,a9361_HiSeq
197,9,a9361_HiSeq
198,16,a9361_HiSeq
199,17,a9361_HiSeq
200,12,a9361_HiSeq
201,8,a9361_HiSeq
202,7,a9361_HiSeq
203,9,a9361_HiSeq
204,11,a9361_HiSeq
205,14,a9361_HiSeq
206,13,a9361_HiSeq
207,13,a9361_HiSeq
208,15,a9361_HiSeq
209,13,a9361_HiSeq
210,17,a9361_HiSeq
211,14,a9361_HiSeq
212,10,a9361_HiSeq
213,17,a9361_HiSeq
214,15,a9361_HiSeq
215,11,a9361_HiSeq
216,8,a9361_HiSeq
217,12,a9361_HiSeq
218,3,a9361_HiSeq
219,8,a9361_HiSeq
220,10,a9361_HiSeq
221,7,a9361_HiSeq
222,8,a9361_HiSeq
223,10,a9361_HiSeq
224,9,a9361_HiSeq
225,12,a9361_HiSeq
226,11,a9361_HiSeq
227,7,a9361_HiSeq
228,8,a9361_HiSeq
229,8,a9361_HiSeq
230,9,a9361_HiSeq
231,12,a9361_HiSeq
232,4,a9361_HiSeq
233,3,a9361_HiSeq
234,5,a9361_HiSeq
235,4,a9361_HiSeq
236,2,a9361_HiSeq
237,9,a9361_HiSeq
238,6,a9361_HiSeq
239,7,a9361_HiSeq
240,7,a9361_HiSeq
241,5,a9361_HiSeq
242,12,a9361_HiSeq
243,8,a9361_HiSeq
244,5,a9361_HiSeq
245,9,a9361_HiSeq
246,4,a9361_HiSeq
247,8,a9361_HiSeq
248,7,a9361_HiSeq
249,6,a9361_HiSeq
250,12,a9361_HiSeq
251,4,a9361_HiSeq
252,6,a9361_HiSeq
253,1,a9361_HiSeq
254,9,a9361_HiSeq
255,7,a9361_HiSeq
256,3,a9361_HiSeq
257,5,a9361_HiSeq
258,7,a9361_HiSeq
259,1,a9361_HiSeq
260,2,a9361_HiSeq
261,5,a9361_HiSeq
262,8,a9361_HiSeq
263,2,a9361_HiSeq
264,7,a9361_HiSeq
265,3,a9361_HiSeq
266,4,a9361_HiSeq
267,5,a9361_HiSeq
268,4,a9361_HiSeq
269,5,a9361_HiSeq
270,5,a9361_HiSeq
271,1,a9361_HiSeq
272,3,a9361_HiSeq
273,3,a9361_HiSeq
274,1,a9361_HiSeq
275,2,a9361_HiSeq
277,3,a9361_HiSeq
278,6,a9361_HiSeq
279,1,a9361_HiSeq
280,7,a9361_HiSeq
281,10,a9361_HiSeq
282,2,a9361_HiSeq
283,1,a9361_HiSeq
284,3,a9361_HiSeq
285,6,a9361_HiSeq
286,4,a9361_HiSeq
287,7,a9361_HiSeq
288,5,a9361_HiSeq
289,3,a9361_HiSeq
27,4142,a9361_NovaSeq
28,47367,a9361_NovaSeq
29,108341,a9361_NovaSeq
30,2452210,a9361_NovaSeq
31,2486916,a9361_NovaSeq
32,2462372,a9361_NovaSeq
33,2420945,a9361_NovaSeq
34,2365147,a9361_NovaSeq
35,2290614,a9361_NovaSeq
36,2197533,a9361_NovaSeq
37,2099720,a9361_NovaSeq
38,1992756,a9361_NovaSeq
39,1881591,a9361_NovaSeq
40,1775021,a9361_NovaSeq
41,1661549,a9361_NovaSeq
42,1602637,a9361_NovaSeq
43,1488003,a9361_NovaSeq
44,1379765,a9361_NovaSeq
45,1277256,a9361_NovaSeq
46,1179544,a9361_NovaSeq
47,1084884,a9361_NovaSeq
48,997203,a9361_NovaSeq
49,914560,a9361_NovaSeq
50,834450,a9361_NovaSeq
51,760957,a9361_NovaSeq
52,692298,a9361_NovaSeq
53,627742,a9361_NovaSeq
54,571081,a9361_NovaSeq
55,516828,a9361_NovaSeq
56,466578,a9361_NovaSeq
57,421266,a9361_NovaSeq
58,381708,a9361_NovaSeq
59,343352,a9361_NovaSeq
60,310592,a9361_NovaSeq
61,279168,a9361_NovaSeq
62,251871,a9361_NovaSeq
63,225989,a9361_NovaSeq
64,209864,a9361_NovaSeq
65,189517,a9361_NovaSeq
66,170345,a9361_NovaSeq
67,153990,a9361_NovaSeq
68,137588,a9361_NovaSeq
69,123935,a9361_NovaSeq
70,111981,a9361_NovaSeq
71,100985,a9361_NovaSeq
72,90831,a9361_NovaSeq
73,81689,a9361_NovaSeq
74,73490,a9361_NovaSeq
75,65636,a9361_NovaSeq
76,58879,a9361_NovaSeq
77,53241,a9361_NovaSeq
78,47770,a9361_NovaSeq
79,43349,a9361_NovaSeq
80,39210,a9361_NovaSeq
81,35653,a9361_NovaSeq
82,32045,a9361_NovaSeq
83,29238,a9361_NovaSeq
84,26086,a9361_NovaSeq
85,23529,a9361_NovaSeq
86,21322,a9361_NovaSeq
87,19408,a9361_NovaSeq
88,17552,a9361_NovaSeq
89,16005,a9361_NovaSeq
90,14792,a9361_NovaSeq
91,13742,a9361_NovaSeq
92,12377,a9361_NovaSeq
93,11334,a9361_NovaSeq
94,10337,a9361_NovaSeq
95,9364,a9361_NovaSeq
96,8604,a9361_NovaSeq
97,7759,a9361_NovaSeq
98,7244,a9361_NovaSeq
99,6592,a9361_NovaSeq
100,6153,a9361_NovaSeq
101,5805,a9361_NovaSeq
102,5240,a9361_NovaSeq
103,4830,a9361_NovaSeq
104,4473,a9361_NovaSeq
105,3992,a9361_NovaSeq
106,3795,a9361_NovaSeq
107,3510,a9361_NovaSeq
108,3275,a9361_NovaSeq
109,3046,a9361_NovaSeq
110,2847,a9361_NovaSeq
111,2808,a9361_NovaSeq
112,2534,a9361_NovaSeq
113,2299,a9361_NovaSeq
114,2331,a9361_NovaSeq
115,2122,a9361_NovaSeq
116,1919,a9361_NovaSeq
117,1749,a9361_NovaSeq
118,1689,a9361_NovaSeq
119,1545,a9361_NovaSeq
120,1526,a9361_NovaSeq
121,1422,a9361_NovaSeq
122,1458,a9361_NovaSeq
123,1320,a9361_NovaSeq
124,1317,a9361_NovaSeq
125,1205,a9361_NovaSeq
126,1085,a9361_NovaSeq
127,1043,a9361_NovaSeq
128,1039,a9361_NovaSeq
129,991,a9361_NovaSeq
130,914,a9361_NovaSeq
131,945,a9361_NovaSeq
132,885,a9361_NovaSeq
133,827,a9361_NovaSeq
134,815,a9361_NovaSeq
135,724,a9361_NovaSeq
136,715,a9361_NovaSeq
137,696,a9361_NovaSeq
138,644,a9361_NovaSeq
139,651,a9361_NovaSeq
140,651,a9361_NovaSeq
141,652,a9361_NovaSeq
142,581,a9361_NovaSeq
143,581,a9361_NovaSeq
144,540,a9361_NovaSeq
145,495,a9361_NovaSeq
146,540,a9361_NovaSeq
147,541,a9361_NovaSeq
148,502,a9361_NovaSeq
149,488,a9361_NovaSeq
150,439,a9361_NovaSeq
151,456,a9361_NovaSeq
152,422,a9361_NovaSeq
153,363,a9361_NovaSeq
154,397,a9361_NovaSeq
155,399,a9361_NovaSeq
156,391,a9361_NovaSeq
157,376,a9361_NovaSeq
158,350,a9361_NovaSeq
159,365,a9361_NovaSeq
160,329,a9361_NovaSeq
161,361,a9361_NovaSeq
162,341,a9361_NovaSeq
163,319,a9361_NovaSeq
164,312,a9361_NovaSeq
165,271,a9361_NovaSeq
166,300,a9361_NovaSeq
167,332,a9361_NovaSeq
168,265,a9361_NovaSeq
169,290,a9361_NovaSeq
170,261,a9361_NovaSeq
171,270,a9361_NovaSeq
172,278,a9361_NovaSeq
173,260,a9361_NovaSeq
174,236,a9361_NovaSeq
175,248,a9361_NovaSeq
176,239,a9361_NovaSeq
177,218,a9361_NovaSeq
178,223,a9361_NovaSeq
179,224,a9361_NovaSeq
180,209,a9361_NovaSeq
181,238,a9361_NovaSeq
182,229,a9361_NovaSeq
183,192,a9361_NovaSeq
184,201,a9361_NovaSeq
185,190,a9361_NovaSeq
186,181,a9361_NovaSeq
187,201,a9361_NovaSeq
188,163,a9361_NovaSeq
189,162,a9361_NovaSeq
190,164,a9361_NovaSeq
191,196,a9361_NovaSeq
192,154,a9361_NovaSeq
193,148,a9361_NovaSeq
194,160,a9361_NovaSeq
195,147,a9361_NovaSeq
196,162,a9361_NovaSeq
197,146,a9361_NovaSeq
198,128,a9361_NovaSeq
199,142,a9361_NovaSeq
200,167,a9361_NovaSeq
201,157,a9361_NovaSeq
202,90,a9361_NovaSeq
203,138,a9361_NovaSeq
204,128,a9361_NovaSeq
205,124,a9361_NovaSeq
206,117,a9361_NovaSeq
207,119,a9361_NovaSeq
208,102,a9361_NovaSeq
209,116,a9361_NovaSeq
210,114,a9361_NovaSeq
211,112,a9361_NovaSeq
212,102,a9361_NovaSeq
213,103,a9361_NovaSeq
214,116,a9361_NovaSeq
215,104,a9361_NovaSeq
216,93,a9361_NovaSeq
217,96,a9361_NovaSeq
218,94,a9361_NovaSeq
219,97,a9361_NovaSeq
220,102,a9361_NovaSeq
221,84,a9361_NovaSeq
222,85,a9361_NovaSeq
223,86,a9361_NovaSeq
224,84,a9361_NovaSeq
225,88,a9361_NovaSeq
226,79,a9361_NovaSeq
227,81,a9361_NovaSeq
228,89,a9361_NovaSeq
229,66,a9361_NovaSeq
230,68,a9361_NovaSeq
231,74,a9361_NovaSeq
232,70,a9361_NovaSeq
233,75,a9361_NovaSeq
234,69,a9361_NovaSeq
235,75,a9361_NovaSeq
236,69,a9361_NovaSeq
237,67,a9361_NovaSeq
238,68,a9361_NovaSeq
239,59,a9361_NovaSeq
240,56,a9361_NovaSeq
241,56,a9361_NovaSeq
242,67,a9361_NovaSeq
243,48,a9361_NovaSeq
244,71,a9361_NovaSeq
245,62,a9361_NovaSeq
246,43,a9361_NovaSeq
247,39,a9361_NovaSeq
248,63,a9361_NovaSeq
249,41,a9361_NovaSeq
250,55,a9361_NovaSeq
251,61,a9361_NovaSeq
252,50,a9361_NovaSeq
253,48,a9361_NovaSeq
254,52,a9361_NovaSeq
255,54,a9361_NovaSeq
256,51,a9361_NovaSeq
257,62,a9361_NovaSeq
258,40,a9361_NovaSeq
259,48,a9361_NovaSeq
260,35,a9361_NovaSeq
261,46,a9361_NovaSeq
262,40,a9361_NovaSeq
263,40,a9361_NovaSeq
264,38,a9361_NovaSeq
265,37,a9361_NovaSeq
266,45,a9361_NovaSeq
267,54,a9361_NovaSeq
268,27,a9361_NovaSeq
269,41,a9361_NovaSeq
270,41,a9361_NovaSeq
271,35,a9361_NovaSeq
272,31,a9361_NovaSeq
273,32,a9361_NovaSeq
274,29,a9361_NovaSeq
275,36,a9361_NovaSeq
276,39,a9361_NovaSeq
277,37,a9361_NovaSeq
278,31,a9361_NovaSeq
279,31,a9361_NovaSeq
280,34,a9361_NovaSeq
281,25,a9361_NovaSeq
282,21,a9361_NovaSeq
283,24,a9361_NovaSeq
284,23,a9361_NovaSeq
285,30,a9361_NovaSeq
286,27,a9361_NovaSeq
287,18,a9361_NovaSeq
288,18,a9361_NovaSeq
289,10,a9361_NovaSeq
27,52,a9361SE
28,509,a9361SE
29,1038,a9361SE
30,25410,a9361SE
31,26077,a9361SE
32,25865,a9361SE
33,25528,a9361SE
34,25250,a9361SE
35,24318,a9361SE
36,23553,a9361SE
37,22473,a9361SE
38,21855,a9361SE
39,20660,a9361SE
40,19426,a9361SE
41,18531,a9361SE
42,17524,a9361SE
43,16452,a9361SE
44,15540,a9361SE
45,14224,a9361SE
46,13145,a9361SE
47,12429,a9361SE
48,11337,a9361SE
49,10370,a9361SE
50,9524,a9361SE
51,8555,a9361SE
52,8085,a9361SE
53,7507,a9361SE
54,6741,a9361SE
55,6024,a9361SE
56,5541,a9361SE
57,5076,a9361SE
58,4491,a9361SE
59,4171,a9361SE
60,3716,a9361SE
61,3454,a9361SE
62,3189,a9361SE
63,2757,a9361SE
64,2604,a9361SE
65,2357,a9361SE
66,2241,a9361SE
67,1967,a9361SE
68,1788,a9361SE
69,1720,a9361SE
70,1509,a9361SE
71,1388,a9361SE
72,1227,a9361SE
73,1080,a9361SE
74,984,a9361SE
75,920,a9361SE
76,718,a9361SE
77,749,a9361SE
78,741,a9361SE
79,806,a9361SE
80,1038,a9361SE
81,6325,a9361SE
82,58,a9361SE
83,13,a9361SE
84,5,a9361SE
85,1,a9361SE
27,98,a9362_HiSeq
28,1107,a9362_HiSeq
29,2383,a9362_HiSeq
30,52239,a9362_HiSeq
31,53551,a9362_HiSeq
32,53614,a9362_HiSeq
33,52728,a9362_HiSeq
34,52511,a9362_HiSeq
35,51445,a9362_HiSeq
36,49895,a9362_HiSeq
37,48539,a9362_HiSeq
38,46450,a9362_HiSeq
39,44508,a9362_HiSeq
40,42260,a9362_HiSeq
41,40197,a9362_HiSeq
42,38807,a9362_HiSeq
43,36546,a9362_HiSeq
44,34352,a9362_HiSeq
45,32076,a9362_HiSeq
46,29596,a9362_HiSeq
47,27391,a9362_HiSeq
48,25358,a9362_HiSeq
49,23878,a9362_HiSeq
50,21994,a9362_HiSeq
51,19954,a9362_HiSeq
52,18579,a9362_HiSeq
53,17188,a9362_HiSeq
54,15461,a9362_HiSeq
55,14164,a9362_HiSeq
56,13007,a9362_HiSeq
57,11790,a9362_HiSeq
58,10922,a9362_HiSeq
59,9935,a9362_HiSeq
60,9134,a9362_HiSeq
61,8243,a9362_HiSeq
62,7371,a9362_HiSeq
63,6686,a9362_HiSeq
64,6324,a9362_HiSeq
65,5764,a9362_HiSeq
66,5306,a9362_HiSeq
67,4747,a9362_HiSeq
68,4320,a9362_HiSeq
69,3905,a9362_HiSeq
70,3667,a9362_HiSeq
71,3352,a9362_HiSeq
72,2898,a9362_HiSeq
73,2714,a9362_HiSeq
74,2440,a9362_HiSeq
75,2120,a9362_HiSeq
76,1978,a9362_HiSeq
77,1824,a9362_HiSeq
78,1663,a9362_HiSeq
79,1478,a9362_HiSeq
80,1373,a9362_HiSeq
81,1339,a9362_HiSeq
82,1180,a9362_HiSeq
83,1115,a9362_HiSeq
84,952,a9362_HiSeq
85,891,a9362_HiSeq
86,851,a9362_HiSeq
87,773,a9362_HiSeq
88,655,a9362_HiSeq
89,619,a9362_HiSeq
90,632,a9362_HiSeq
91,581,a9362_HiSeq
92,526,a9362_HiSeq
93,432,a9362_HiSeq
94,415,a9362_HiSeq
95,388,a9362_HiSeq
96,341,a9362_HiSeq
97,345,a9362_HiSeq
98,313,a9362_HiSeq
99,284,a9362_HiSeq
100,259,a9362_HiSeq
101,259,a9362_HiSeq
102,246,a9362_HiSeq
103,204,a9362_HiSeq
104,199,a9362_HiSeq
105,186,a9362_HiSeq
106,164,a9362_HiSeq
107,170,a9362_HiSeq
108,154,a9362_HiSeq
109,152,a9362_HiSeq
110,129,a9362_HiSeq
111,131,a9362_HiSeq
112,112,a9362_HiSeq
113,119,a9362_HiSeq
114,114,a9362_HiSeq
115,104,a9362_HiSeq
116,83,a9362_HiSeq
117,86,a9362_HiSeq
118,87,a9362_HiSeq
119,90,a9362_HiSeq
120,74,a9362_HiSeq
121,80,a9362_HiSeq
122,68,a9362_HiSeq
123,65,a9362_HiSeq
124,79,a9362_HiSeq
125,78,a9362_HiSeq
126,54,a9362_HiSeq
127,60,a9362_HiSeq
128,54,a9362_HiSeq
129,42,a9362_HiSeq
130,40,a9362_HiSeq
131,39,a9362_HiSeq
132,37,a9362_HiSeq
133,56,a9362_HiSeq
134,46,a9362_HiSeq
135,34,a9362_HiSeq
136,45,a9362_HiSeq
137,45,a9362_HiSeq
138,39,a9362_HiSeq
139,44,a9362_HiSeq
140,31,a9362_HiSeq
141,29,a9362_HiSeq
142,35,a9362_HiSeq
143,33,a9362_HiSeq
144,33,a9362_HiSeq
145,33,a9362_HiSeq
146,26,a9362_HiSeq
147,34,a9362_HiSeq
148,36,a9362_HiSeq
149,29,a9362_HiSeq
150,24,a9362_HiSeq
151,31,a9362_HiSeq
152,24,a9362_HiSeq
153,22,a9362_HiSeq
154,25,a9362_HiSeq
155,26,a9362_HiSeq
156,23,a9362_HiSeq
157,31,a9362_HiSeq
158,20,a9362_HiSeq
159,28,a9362_HiSeq
160,29,a9362_HiSeq
161,32,a9362_HiSeq
162,23,a9362_HiSeq
163,17,a9362_HiSeq
164,17,a9362_HiSeq
165,13,a9362_HiSeq
166,23,a9362_HiSeq
167,15,a9362_HiSeq
168,21,a9362_HiSeq
169,22,a9362_HiSeq
170,21,a9362_HiSeq
171,25,a9362_HiSeq
172,18,a9362_HiSeq
173,23,a9362_HiSeq
174,15,a9362_HiSeq
175,11,a9362_HiSeq
176,22,a9362_HiSeq
177,13,a9362_HiSeq
178,8,a9362_HiSeq
179,13,a9362_HiSeq
180,17,a9362_HiSeq
181,24,a9362_HiSeq
182,10,a9362_HiSeq
183,21,a9362_HiSeq
184,20,a9362_HiSeq
185,14,a9362_HiSeq
186,18,a9362_HiSeq
187,11,a9362_HiSeq
188,18,a9362_HiSeq
189,8,a9362_HiSeq
190,12,a9362_HiSeq
191,11,a9362_HiSeq
192,18,a9362_HiSeq
193,15,a9362_HiSeq
194,12,a9362_HiSeq
195,8,a9362_HiSeq
196,11,a9362_HiSeq
197,14,a9362_HiSeq
198,7,a9362_HiSeq
199,5,a9362_HiSeq
200,12,a9362_HiSeq
201,8,a9362_HiSeq
202,14,a9362_HiSeq
203,9,a9362_HiSeq
204,11,a9362_HiSeq
205,13,a9362_HiSeq
206,20,a9362_HiSeq
207,16,a9362_HiSeq
208,11,a9362_HiSeq
209,15,a9362_HiSeq
210,8,a9362_HiSeq
211,6,a9362_HiSeq
212,7,a9362_HiSeq
213,13,a9362_HiSeq
214,9,a9362_HiSeq
215,10,a9362_HiSeq
216,5,a9362_HiSeq
217,10,a9362_HiSeq
218,8,a9362_HiSeq
219,13,a9362_HiSeq
220,8,a9362_HiSeq
221,6,a9362_HiSeq
222,14,a9362_HiSeq
223,18,a9362_HiSeq
224,10,a9362_HiSeq
225,3,a9362_HiSeq
226,9,a9362_HiSeq
227,8,a9362_HiSeq
228,5,a9362_HiSeq
229,10,a9362_HiSeq
230,11,a9362_HiSeq
231,7,a9362_HiSeq
232,8,a9362_HiSeq
233,10,a9362_HiSeq
234,8,a9362_HiSeq
235,8,a9362_HiSeq
236,3,a9362_HiSeq
237,16,a9362_HiSeq
238,3,a9362_HiSeq
239,5,a9362_HiSeq
240,4,a9362_HiSeq
241,7,a9362_HiSeq
242,10,a9362_HiSeq
243,6,a9362_HiSeq
244,4,a9362_HiSeq
245,5,a9362_HiSeq
246,9,a9362_HiSeq
247,10,a9362_HiSeq
248,11,a9362_HiSeq
249,12,a9362_HiSeq
250,3,a9362_HiSeq
251,4,a9362_HiSeq
252,6,a9362_HiSeq
253,7,a9362_HiSeq
254,5,a9362_HiSeq
255,7,a9362_HiSeq
256,3,a9362_HiSeq
257,4,a9362_HiSeq
258,2,a9362_HiSeq
259,4,a9362_HiSeq
260,3,a9362_HiSeq
261,6,a9362_HiSeq
262,8,a9362_HiSeq
263,2,a9362_HiSeq
264,8,a9362_HiSeq
265,6,a9362_HiSeq
266,7,a9362_HiSeq
267,2,a9362_HiSeq
268,4,a9362_HiSeq
269,9,a9362_HiSeq
270,3,a9362_HiSeq
271,4,a9362_HiSeq
272,2,a9362_HiSeq
273,3,a9362_HiSeq
274,2,a9362_HiSeq
275,4,a9362_HiSeq
276,6,a9362_HiSeq
277,4,a9362_HiSeq
278,2,a9362_HiSeq
279,5,a9362_HiSeq
280,3,a9362_HiSeq
281,9,a9362_HiSeq
282,7,a9362_HiSeq
283,2,a9362_HiSeq
284,2,a9362_HiSeq
285,2,a9362_HiSeq
286,8,a9362_HiSeq
287,3,a9362_HiSeq
288,3,a9362_HiSeq
289,3,a9362_HiSeq
27,4744,a9362_NovaSeq
28,52053,a9362_NovaSeq
29,120434,a9362_NovaSeq
30,2646275,a9362_NovaSeq
31,2693184,a9362_NovaSeq
32,2671661,a9362_NovaSeq
33,2631258,a9362_NovaSeq
34,2576613,a9362_NovaSeq
35,2500951,a9362_NovaSeq
36,2404675,a9362_NovaSeq
37,2303487,a9362_NovaSeq
38,2191381,a9362_NovaSeq
39,2072413,a9362_NovaSeq
40,1958782,a9362_NovaSeq
41,1833918,a9362_NovaSeq
42,1764424,a9362_NovaSeq
43,1642040,a9362_NovaSeq
44,1520345,a9362_NovaSeq
45,1406658,a9362_NovaSeq
46,1299648,a9362_NovaSeq
47,1195473,a9362_NovaSeq
48,1097694,a9362_NovaSeq
49,1005762,a9362_NovaSeq
50,919381,a9362_NovaSeq
51,841111,a9362_NovaSeq
52,763670,a9362_NovaSeq
53,693145,a9362_NovaSeq
54,628300,a9362_NovaSeq
55,569425,a9362_NovaSeq
56,515087,a9362_NovaSeq
57,465898,a9362_NovaSeq
58,421588,a9362_NovaSeq
59,380421,a9362_NovaSeq
60,343950,a9362_NovaSeq
61,309371,a9362_NovaSeq
62,279877,a9362_NovaSeq
63,250442,a9362_NovaSeq
64,232167,a9362_NovaSeq
65,210932,a9362_NovaSeq
66,189999,a9362_NovaSeq
67,170756,a9362_NovaSeq
68,154106,a9362_NovaSeq
69,137980,a9362_NovaSeq
70,124768,a9362_NovaSeq
71,112388,a9362_NovaSeq
72,101242,a9362_NovaSeq
73,91171,a9362_NovaSeq
74,82022,a9362_NovaSeq
75,72961,a9362_NovaSeq
76,66226,a9362_NovaSeq
77,59964,a9362_NovaSeq
78,53749,a9362_NovaSeq
79,48818,a9362_NovaSeq
80,43740,a9362_NovaSeq
81,39707,a9362_NovaSeq
82,36125,a9362_NovaSeq
83,32815,a9362_NovaSeq
84,29441,a9362_NovaSeq
85,26342,a9362_NovaSeq
86,23693,a9362_NovaSeq
87,21481,a9362_NovaSeq
88,19835,a9362_NovaSeq
89,17861,a9362_NovaSeq
90,16486,a9362_NovaSeq
91,14885,a9362_NovaSeq
92,13830,a9362_NovaSeq
93,12827,a9362_NovaSeq
94,11479,a9362_NovaSeq
95,10633,a9362_NovaSeq
96,9487,a9362_NovaSeq
97,8703,a9362_NovaSeq
98,8061,a9362_NovaSeq
99,7312,a9362_NovaSeq
100,6844,a9362_NovaSeq
101,6494,a9362_NovaSeq
102,5855,a9362_NovaSeq
103,5360,a9362_NovaSeq
104,4963,a9362_NovaSeq
105,4589,a9362_NovaSeq
106,4174,a9362_NovaSeq
107,4021,a9362_NovaSeq
108,3633,a9362_NovaSeq
109,3416,a9362_NovaSeq
110,3149,a9362_NovaSeq
111,2966,a9362_NovaSeq
112,2785,a9362_NovaSeq
113,2561,a9362_NovaSeq
114,2530,a9362_NovaSeq
115,2333,a9362_NovaSeq
116,2167,a9362_NovaSeq
117,1974,a9362_NovaSeq
118,1874,a9362_NovaSeq
119,1840,a9362_NovaSeq
120,1706,a9362_NovaSeq
121,1564,a9362_NovaSeq
122,1569,a9362_NovaSeq
123,1524,a9362_NovaSeq
124,1386,a9362_NovaSeq
125,1334,a9362_NovaSeq
126,1248,a9362_NovaSeq
127,1232,a9362_NovaSeq
128,1106,a9362_NovaSeq
129,1089,a9362_NovaSeq
130,1031,a9362_NovaSeq
131,1053,a9362_NovaSeq
132,929,a9362_NovaSeq
133,933,a9362_NovaSeq
134,887,a9362_NovaSeq
135,820,a9362_NovaSeq
136,811,a9362_NovaSeq
137,773,a9362_NovaSeq
138,706,a9362_NovaSeq
139,770,a9362_NovaSeq
140,688,a9362_NovaSeq
141,629,a9362_NovaSeq
142,688,a9362_NovaSeq
143,676,a9362_NovaSeq
144,710,a9362_NovaSeq
145,638,a9362_NovaSeq
146,536,a9362_NovaSeq
147,530,a9362_NovaSeq
148,516,a9362_NovaSeq
149,526,a9362_NovaSeq
150,506,a9362_NovaSeq
151,519,a9362_NovaSeq
152,465,a9362_NovaSeq
153,472,a9362_NovaSeq
154,445,a9362_NovaSeq
155,450,a9362_NovaSeq
156,398,a9362_NovaSeq
157,419,a9362_NovaSeq
158,413,a9362_NovaSeq
159,428,a9362_NovaSeq
160,406,a9362_NovaSeq
161,405,a9362_NovaSeq
162,392,a9362_NovaSeq
163,330,a9362_NovaSeq
164,359,a9362_NovaSeq
165,343,a9362_NovaSeq
166,311,a9362_NovaSeq
167,308,a9362_NovaSeq
168,336,a9362_NovaSeq
169,297,a9362_NovaSeq
170,312,a9362_NovaSeq
171,295,a9362_NovaSeq
172,308,a9362_NovaSeq
173,267,a9362_NovaSeq
174,274,a9362_NovaSeq
175,264,a9362_NovaSeq
176,249,a9362_NovaSeq
177,229,a9362_NovaSeq
178,245,a9362_NovaSeq
179,241,a9362_NovaSeq
180,261,a9362_NovaSeq
181,269,a9362_NovaSeq
182,232,a9362_NovaSeq
183,228,a9362_NovaSeq
184,239,a9362_NovaSeq
185,199,a9362_NovaSeq
186,212,a9362_NovaSeq
187,201,a9362_NovaSeq
188,193,a9362_NovaSeq
189,183,a9362_NovaSeq
190,195,a9362_NovaSeq
191,184,a9362_NovaSeq
192,135,a9362_NovaSeq
193,184,a9362_NovaSeq
194,166,a9362_NovaSeq
195,166,a9362_NovaSeq
196,147,a9362_NovaSeq
197,164,a9362_NovaSeq
198,167,a9362_NovaSeq
199,148,a9362_NovaSeq
200,145,a9362_NovaSeq
201,165,a9362_NovaSeq
202,139,a9362_NovaSeq
203,128,a9362_NovaSeq
204,125,a9362_NovaSeq
205,131,a9362_NovaSeq
206,131,a9362_NovaSeq
207,128,a9362_NovaSeq
208,110,a9362_NovaSeq
209,126,a9362_NovaSeq
210,106,a9362_NovaSeq
211,141,a9362_NovaSeq
212,117,a9362_NovaSeq
213,108,a9362_NovaSeq
214,124,a9362_NovaSeq
215,93,a9362_NovaSeq
216,118,a9362_NovaSeq
217,102,a9362_NovaSeq
218,107,a9362_NovaSeq
219,97,a9362_NovaSeq
220,102,a9362_NovaSeq
221,91,a9362_NovaSeq
222,80,a9362_NovaSeq
223,74,a9362_NovaSeq
224,83,a9362_NovaSeq
225,81,a9362_NovaSeq
226,75,a9362_NovaSeq
227,75,a9362_NovaSeq
228,102,a9362_NovaSeq
229,79,a9362_NovaSeq
230,84,a9362_NovaSeq
231,74,a9362_NovaSeq
232,76,a9362_NovaSeq
233,70,a9362_NovaSeq
234,71,a9362_NovaSeq
235,86,a9362_NovaSeq
236,66,a9362_NovaSeq
237,59,a9362_NovaSeq
238,73,a9362_NovaSeq
239,83,a9362_NovaSeq
240,64,a9362_NovaSeq
241,65,a9362_NovaSeq
242,67,a9362_NovaSeq
243,73,a9362_NovaSeq
244,62,a9362_NovaSeq
245,65,a9362_NovaSeq
246,68,a9362_NovaSeq
247,67,a9362_NovaSeq
248,65,a9362_NovaSeq
249,69,a9362_NovaSeq
250,46,a9362_NovaSeq
251,63,a9362_NovaSeq
252,52,a9362_NovaSeq
253,53,a9362_NovaSeq
254,44,a9362_NovaSeq
255,62,a9362_NovaSeq
256,47,a9362_NovaSeq
257,51,a9362_NovaSeq
258,64,a9362_NovaSeq
259,59,a9362_NovaSeq
260,48,a9362_NovaSeq
261,46,a9362_NovaSeq
262,58,a9362_NovaSeq
263,56,a9362_NovaSeq
264,51,a9362_NovaSeq
265,50,a9362_NovaSeq
266,42,a9362_NovaSeq
267,56,a9362_NovaSeq
268,33,a9362_NovaSeq
269,46,a9362_NovaSeq
270,30,a9362_NovaSeq
271,47,a9362_NovaSeq
272,34,a9362_NovaSeq
273,48,a9362_NovaSeq
274,36,a9362_NovaSeq
275,34,a9362_NovaSeq
276,29,a9362_NovaSeq
277,35,a9362_NovaSeq
278,29,a9362_NovaSeq
279,30,a9362_NovaSeq
280,40,a9362_NovaSeq
281,26,a9362_NovaSeq
282,29,a9362_NovaSeq
283,29,a9362_NovaSeq
284,26,a9362_NovaSeq
285,28,a9362_NovaSeq
286,24,a9362_NovaSeq
287,25,a9362_NovaSeq
288,24,a9362_NovaSeq
289,31,a9362_NovaSeq
290,1,a9362_NovaSeq
27,4191,SCR116_DeepSeq
28,46768,SCR116_DeepSeq
29,107593,SCR116_DeepSeq
30,2519443,SCR116_DeepSeq
31,2552120,SCR116_DeepSeq
32,2521330,SCR116_DeepSeq
33,2465887,SCR116_DeepSeq
34,2399147,SCR116_DeepSeq
35,2312393,SCR116_DeepSeq
36,2206727,SCR116_DeepSeq
37,2096930,SCR116_DeepSeq
38,1971989,SCR116_DeepSeq
39,1848556,SCR116_DeepSeq
40,1724252,SCR116_DeepSeq
41,1601859,SCR116_DeepSeq
42,1522600,SCR116_DeepSeq
43,1402881,SCR116_DeepSeq
44,1285223,SCR116_DeepSeq
45,1173563,SCR116_DeepSeq
46,1070453,SCR116_DeepSeq
47,974333,SCR116_DeepSeq
48,883920,SCR116_DeepSeq
49,799576,SCR116_DeepSeq
50,723229,SCR116_DeepSeq
51,651804,SCR116_DeepSeq
52,587574,SCR116_DeepSeq
53,526368,SCR116_DeepSeq
54,472810,SCR116_DeepSeq
55,423014,SCR116_DeepSeq
56,379505,SCR116_DeepSeq
57,338664,SCR116_DeepSeq
58,302898,SCR116_DeepSeq
59,271021,SCR116_DeepSeq
60,241643,SCR116_DeepSeq
61,216188,SCR116_DeepSeq
62,192622,SCR116_DeepSeq
63,172596,SCR116_DeepSeq
64,158859,SCR116_DeepSeq
65,141135,SCR116_DeepSeq
66,125647,SCR116_DeepSeq
67,112295,SCR116_DeepSeq
68,100099,SCR116_DeepSeq
69,90363,SCR116_DeepSeq
70,80891,SCR116_DeepSeq
71,72292,SCR116_DeepSeq
72,64474,SCR116_DeepSeq
73,57617,SCR116_DeepSeq
74,51628,SCR116_DeepSeq
75,45754,SCR116_DeepSeq
76,41426,SCR116_DeepSeq
77,37316,SCR116_DeepSeq
78,33317,SCR116_DeepSeq
79,30050,SCR116_DeepSeq
80,27043,SCR116_DeepSeq
81,24251,SCR116_DeepSeq
82,21877,SCR116_DeepSeq
83,20123,SCR116_DeepSeq
84,17515,SCR116_DeepSeq
85,15861,SCR116_DeepSeq
86,14259,SCR116_DeepSeq
87,12860,SCR116_DeepSeq
88,11451,SCR116_DeepSeq
89,10810,SCR116_DeepSeq
90,9758,SCR116_DeepSeq
91,9086,SCR116_DeepSeq
92,8155,SCR116_DeepSeq
93,7350,SCR116_DeepSeq
94,6701,SCR116_DeepSeq
95,6126,SCR116_DeepSeq
96,5557,SCR116_DeepSeq
97,5084,SCR116_DeepSeq
98,4789,SCR116_DeepSeq
99,4251,SCR116_DeepSeq
100,4043,SCR116_DeepSeq
101,3691,SCR116_DeepSeq
102,3437,SCR116_DeepSeq
103,3146,SCR116_DeepSeq
104,2853,SCR116_DeepSeq
105,2685,SCR116_DeepSeq
106,2513,SCR116_DeepSeq
107,2303,SCR116_DeepSeq
108,2106,SCR116_DeepSeq
109,1963,SCR116_DeepSeq
110,1897,SCR116_DeepSeq
111,1740,SCR116_DeepSeq
112,1715,SCR116_DeepSeq
113,1503,SCR116_DeepSeq
114,1416,SCR116_DeepSeq
115,1345,SCR116_DeepSeq
116,1338,SCR116_DeepSeq
117,1222,SCR116_DeepSeq
118,1056,SCR116_DeepSeq
119,1020,SCR116_DeepSeq
120,1023,SCR116_DeepSeq
121,989,SCR116_DeepSeq
122,921,SCR116_DeepSeq
123,867,SCR116_DeepSeq
124,798,SCR116_DeepSeq
125,755,SCR116_DeepSeq
126,752,SCR116_DeepSeq
127,758,SCR116_DeepSeq
128,677,SCR116_DeepSeq
129,643,SCR116_DeepSeq
130,653,SCR116_DeepSeq
131,589,SCR116_DeepSeq
132,610,SCR116_DeepSeq
133,556,SCR116_DeepSeq
134,546,SCR116_DeepSeq
135,517,SCR116_DeepSeq
136,496,SCR116_DeepSeq
137,475,SCR116_DeepSeq
138,405,SCR116_DeepSeq
139,458,SCR116_DeepSeq
140,457,SCR116_DeepSeq
141,445,SCR116_DeepSeq
142,378,SCR116_DeepSeq
143,357,SCR116_DeepSeq
144,343,SCR116_DeepSeq
145,365,SCR116_DeepSeq
146,317,SCR116_DeepSeq
147,311,SCR116_DeepSeq
148,266,SCR116_DeepSeq
149,307,SCR116_DeepSeq
150,278,SCR116_DeepSeq
151,280,SCR116_DeepSeq
152,260,SCR116_DeepSeq
153,283,SCR116_DeepSeq
154,241,SCR116_DeepSeq
155,236,SCR116_DeepSeq
156,259,SCR116_DeepSeq
157,238,SCR116_DeepSeq
158,220,SCR116_DeepSeq
159,245,SCR116_DeepSeq
160,235,SCR116_DeepSeq
161,209,SCR116_DeepSeq
162,186,SCR116_DeepSeq
163,182,SCR116_DeepSeq
164,195,SCR116_DeepSeq
165,209,SCR116_DeepSeq
166,177,SCR116_DeepSeq
167,161,SCR116_DeepSeq
168,171,SCR116_DeepSeq
169,162,SCR116_DeepSeq
170,159,SCR116_DeepSeq
171,153,SCR116_DeepSeq
172,140,SCR116_DeepSeq
173,142,SCR116_DeepSeq
174,140,SCR116_DeepSeq
175,133,SCR116_DeepSeq
176,134,SCR116_DeepSeq
177,120,SCR116_DeepSeq
178,114,SCR116_DeepSeq
179,139,SCR116_DeepSeq
180,109,SCR116_DeepSeq
181,102,SCR116_DeepSeq
182,100,SCR116_DeepSeq
183,110,SCR116_DeepSeq
184,111,SCR116_DeepSeq
185,88,SCR116_DeepSeq
186,97,SCR116_DeepSeq
187,108,SCR116_DeepSeq
188,98,SCR116_DeepSeq
189,112,SCR116_DeepSeq
190,81,SCR116_DeepSeq
191,100,SCR116_DeepSeq
192,81,SCR116_DeepSeq
193,84,SCR116_DeepSeq
194,74,SCR116_DeepSeq
195,68,SCR116_DeepSeq
196,53,SCR116_DeepSeq
197,83,SCR116_DeepSeq
198,71,SCR116_DeepSeq
199,71,SCR116_DeepSeq
200,63,SCR116_DeepSeq
201,61,SCR116_DeepSeq
202,64,SCR116_DeepSeq
203,59,SCR116_DeepSeq
204,64,SCR116_DeepSeq
205,64,SCR116_DeepSeq
206,62,SCR116_DeepSeq
207,59,SCR116_DeepSeq
208,47,SCR116_DeepSeq
209,62,SCR116_DeepSeq
210,62,SCR116_DeepSeq
211,60,SCR116_DeepSeq
212,51,SCR116_DeepSeq
213,53,SCR116_DeepSeq
214,41,SCR116_DeepSeq
215,48,SCR116_DeepSeq
216,45,SCR116_DeepSeq
217,41,SCR116_DeepSeq
218,40,SCR116_DeepSeq
219,44,SCR116_DeepSeq
220,48,SCR116_DeepSeq
221,33,SCR116_DeepSeq
222,41,SCR116_DeepSeq
223,34,SCR116_DeepSeq
224,35,SCR116_DeepSeq
225,26,SCR116_DeepSeq
226,35,SCR116_DeepSeq
227,43,SCR116_DeepSeq
228,35,SCR116_DeepSeq
229,37,SCR116_DeepSeq
230,27,SCR116_DeepSeq
231,26,SCR116_DeepSeq
232,32,SCR116_DeepSeq
233,40,SCR116_DeepSeq
234,27,SCR116_DeepSeq
235,30,SCR116_DeepSeq
236,28,SCR116_DeepSeq
237,28,SCR116_DeepSeq
238,24,SCR116_DeepSeq
239,27,SCR116_DeepSeq
240,25,SCR116_DeepSeq
241,22,SCR116_DeepSeq
242,27,SCR116_DeepSeq
243,28,SCR116_DeepSeq
244,22,SCR116_DeepSeq
245,28,SCR116_DeepSeq
246,26,SCR116_DeepSeq
247,26,SCR116_DeepSeq
248,23,SCR116_DeepSeq
249,21,SCR116_DeepSeq
250,19,SCR116_DeepSeq
251,13,SCR116_DeepSeq
252,16,SCR116_DeepSeq
253,22,SCR116_DeepSeq
254,20,SCR116_DeepSeq
255,12,SCR116_DeepSeq
256,28,SCR116_DeepSeq
257,21,SCR116_DeepSeq
258,20,SCR116_DeepSeq
259,19,SCR116_DeepSeq
260,19,SCR116_DeepSeq
261,16,SCR116_DeepSeq
262,15,SCR116_DeepSeq
263,14,SCR116_DeepSeq
264,18,SCR116_DeepSeq
265,15,SCR116_DeepSeq
266,15,SCR116_DeepSeq
267,10,SCR116_DeepSeq
268,16,SCR116_DeepSeq
269,17,SCR116_DeepSeq
270,20,SCR116_DeepSeq
271,15,SCR116_DeepSeq
272,11,SCR116_DeepSeq
273,13,SCR116_DeepSeq
274,14,SCR116_DeepSeq
275,9,SCR116_DeepSeq
276,14,SCR116_DeepSeq
277,8,SCR116_DeepSeq
278,8,SCR116_DeepSeq
279,8,SCR116_DeepSeq
280,8,SCR116_DeepSeq
281,17,SCR116_DeepSeq
282,6,SCR116_DeepSeq
283,10,SCR116_DeepSeq
284,7,SCR116_DeepSeq
285,12,SCR116_DeepSeq
286,9,SCR116_DeepSeq
287,6,SCR116_DeepSeq
288,8,SCR116_DeepSeq
289,7,SCR116_DeepSeq
290,1,SCR116_DeepSeq
27,40,SCR116_Screening
28,554,SCR116_Screening
29,1301,SCR116_Screening
30,28229,SCR116_Screening
31,28964,SCR116_Screening
32,28607,SCR116_Screening
33,28368,SCR116_Screening
34,27685,SCR116_Screening
35,26496,SCR116_Screening
36,25707,SCR116_Screening
37,24701,SCR116_Screening
38,23692,SCR116_Screening
39,22197,SCR116_Screening
40,20593,SCR116_Screening
41,19670,SCR116_Screening
42,18647,SCR116_Screening
43,16961,SCR116_Screening
44,15887,SCR116_Screening
45,14748,SCR116_Screening
46,13591,SCR116_Screening
47,12114,SCR116_Screening
48,11202,SCR116_Screening
49,10128,SCR116_Screening
50,9392,SCR116_Screening
51,8473,SCR116_Screening
52,7724,SCR116_Screening
53,6958,SCR116_Screening
54,6286,SCR116_Screening
55,5717,SCR116_Screening
56,5027,SCR116_Screening
57,4591,SCR116_Screening
58,4060,SCR116_Screening
59,3752,SCR116_Screening
60,3318,SCR116_Screening
61,3001,SCR116_Screening
62,2771,SCR116_Screening
63,2367,SCR116_Screening
64,2232,SCR116_Screening
65,2004,SCR116_Screening
66,1825,SCR116_Screening
67,1645,SCR116_Screening
68,1508,SCR116_Screening
69,1327,SCR116_Screening
70,1211,SCR116_Screening
71,1065,SCR116_Screening
72,988,SCR116_Screening
73,811,SCR116_Screening
74,767,SCR116_Screening
75,744,SCR116_Screening
76,610,SCR116_Screening
77,607,SCR116_Screening
78,543,SCR116_Screening
79,487,SCR116_Screening
80,444,SCR116_Screening
81,397,SCR116_Screening
82,340,SCR116_Screening
83,334,SCR116_Screening
84,275,SCR116_Screening
85,276,SCR116_Screening
86,226,SCR116_Screening
87,206,SCR116_Screening
88,199,SCR116_Screening
89,155,SCR116_Screening
90,164,SCR116_Screening
91,154,SCR116_Screening
92,148,SCR116_Screening
93,145,SCR116_Screening
94,138,SCR116_Screening
95,107,SCR116_Screening
96,95,SCR116_Screening
97,115,SCR116_Screening
98,72,SCR116_Screening
99,84,SCR116_Screening
100,71,SCR116_Screening
101,61,SCR116_Screening
102,69,SCR116_Screening
103,49,SCR116_Screening
104,52,SCR116_Screening
105,51,SCR116_Screening
106,48,SCR116_Screening
107,53,SCR116_Screening
108,40,SCR116_Screening
109,42,SCR116_Screening
110,39,SCR116_Screening
111,39,SCR116_Screening
112,30,SCR116_Screening
113,31,SCR116_Screening
114,28,SCR116_Screening
115,26,SCR116_Screening
116,19,SCR116_Screening
117,23,SCR116_Screening
118,23,SCR116_Screening
119,21,SCR116_Screening
120,20,SCR116_Screening
121,21,SCR116_Screening
122,14,SCR116_Screening
123,20,SCR116_Screening
124,11,SCR116_Screening
125,16,SCR116_Screening
126,12,SCR116_Screening
127,13,SCR116_Screening
128,10,SCR116_Screening
129,12,SCR116_Screening
130,13,SCR116_Screening
131,14,SCR116_Screening
132,13,SCR116_Screening
133,13,SCR116_Screening
134,10,SCR116_Screening
135,12,SCR116_Screening
136,10,SCR116_Screening
137,8,SCR116_Screening
138,6,SCR116_Screening
139,9,SCR116_Screening
140,7,SCR116_Screening
141,17,SCR116_Screening
142,5,SCR116_Screening
143,13,SCR116_Screening
144,8,SCR116_Screening
145,5,SCR116_Screening
146,9,SCR116_Screening
147,3,SCR116_Screening
148,5,SCR116_Screening
149,13,SCR116_Screening
150,5,SCR116_Screening
151,6,SCR116_Screening
152,7,SCR116_Screening
153,5,SCR116_Screening
154,4,SCR116_Screening
155,6,SCR116_Screening
156,2,SCR116_Screening
157,5,SCR116_Screening
158,4,SCR116_Screening
159,9,SCR116_Screening
160,3,SCR116_Screening
161,5,SCR116_Screening
162,3,SCR116_Screening
163,2,SCR116_Screening
164,3,SCR116_Screening
165,3,SCR116_Screening
166,3,SCR116_Screening
167,1,SCR116_Screening
168,4,SCR116_Screening
169,3,SCR116_Screening
170,7,SCR116_Screening
171,7,SCR116_Screening
172,2,SCR116_Screening
173,3,SCR116_Screening
174,2,SCR116_Screening
175,2,SCR116_Screening
176,3,SCR116_Screening
177,5,SCR116_Screening
179,2,SCR116_Screening
180,3,SCR116_Screening
181,3,SCR116_Screening
182,6,SCR116_Screening
183,2,SCR116_Screening
184,2,SCR116_Screening
185,1,SCR116_Screening
186,1,SCR116_Screening
187,3,SCR116_Screening
188,4,SCR116_Screening
189,3,SCR116_Screening
190,2,SCR116_Screening
191,2,SCR116_Screening
194,1,SCR116_Screening
196,4,SCR116_Screening
197,1,SCR116_Screening
198,3,SCR116_Screening
199,2,SCR116_Screening
200,2,SCR116_Screening
201,1,SCR116_Screening
203,5,SCR116_Screening
204,1,SCR116_Screening
205,2,SCR116_Screening
206,3,SCR116_Screening
208,1,SCR116_Screening
209,1,SCR116_Screening
210,1,SCR116_Screening
212,1,SCR116_Screening
213,2,SCR116_Screening
214,2,SCR116_Screening
216,1,SCR116_Screening
217,1,SCR116_Screening
218,1,SCR116_Screening
219,3,SCR116_Screening
221,1,SCR116_Screening
222,1,SCR116_Screening
224,3,SCR116_Screening
227,1,SCR116_Screening
228,2,SCR116_Screening
229,2,SCR116_Screening
230,1,SCR116_Screening
232,1,SCR116_Screening
233,2,SCR116_Screening
234,2,SCR116_Screening
235,1,SCR116_Screening
236,1,SCR116_Screening
237,1,SCR116_Screening
239,1,SCR116_Screening
242,1,SCR116_Screening
245,2,SCR116_Screening
246,1,SCR116_Screening
247,2,SCR116_Screening
248,1,SCR116_Screening
249,1,SCR116_Screening
251,1,SCR116_Screening
252,1,SCR116_Screening
253,1,SCR116_Screening
255,1,SCR116_Screening
257,1,SCR116_Screening
259,1,SCR116_Screening
260,1,SCR116_Screening
264,2,SCR116_Screening
265,2,SCR116_Screening
269,1,SCR116_Screening
274,1,SCR116_Screening
281,1,SCR116_Screening
282,2,SCR116_Screening
27,4752,SCR117_DeepSeq
28,54378,SCR117_DeepSeq
29,125138,SCR117_DeepSeq
30,3003295,SCR117_DeepSeq
31,3042063,SCR117_DeepSeq
32,3004748,SCR117_DeepSeq
33,2946104,SCR117_DeepSeq
34,2870717,SCR117_DeepSeq
35,2769165,SCR117_DeepSeq
36,2646955,SCR117_DeepSeq
37,2516314,SCR117_DeepSeq
38,2373556,SCR117_DeepSeq
39,2225791,SCR117_DeepSeq
40,2083342,SCR117_DeepSeq
41,1934743,SCR117_DeepSeq
42,1842237,SCR117_DeepSeq
43,1700484,SCR117_DeepSeq
44,1560259,SCR117_DeepSeq
45,1428857,SCR117_DeepSeq
46,1306233,SCR117_DeepSeq
47,1188379,SCR117_DeepSeq
48,1083701,SCR117_DeepSeq
49,982218,SCR117_DeepSeq
50,888847,SCR117_DeepSeq
51,804922,SCR117_DeepSeq
52,725673,SCR117_DeepSeq
53,653105,SCR117_DeepSeq
54,584687,SCR117_DeepSeq
55,526997,SCR117_DeepSeq
56,472522,SCR117_DeepSeq
57,423458,SCR117_DeepSeq
58,378754,SCR117_DeepSeq
59,340761,SCR117_DeepSeq
60,304751,SCR117_DeepSeq
61,273387,SCR117_DeepSeq
62,245120,SCR117_DeepSeq
63,218268,SCR117_DeepSeq
64,200587,SCR117_DeepSeq
65,179618,SCR117_DeepSeq
66,160950,SCR117_DeepSeq
67,143401,SCR117_DeepSeq
68,128418,SCR117_DeepSeq
69,116146,SCR117_DeepSeq
70,103555,SCR117_DeepSeq
71,92921,SCR117_DeepSeq
72,83538,SCR117_DeepSeq
73,75417,SCR117_DeepSeq
74,67162,SCR117_DeepSeq
75,59503,SCR117_DeepSeq
76,53754,SCR117_DeepSeq
77,48795,SCR117_DeepSeq
78,43377,SCR117_DeepSeq
79,39398,SCR117_DeepSeq
80,35680,SCR117_DeepSeq
81,32496,SCR117_DeepSeq
82,29715,SCR117_DeepSeq
83,26496,SCR117_DeepSeq
84,23646,SCR117_DeepSeq
85,21267,SCR117_DeepSeq
86,19407,SCR117_DeepSeq
87,17447,SCR117_DeepSeq
88,15784,SCR117_DeepSeq
89,14483,SCR117_DeepSeq
90,13535,SCR117_DeepSeq
91,12165,SCR117_DeepSeq
92,11234,SCR117_DeepSeq
93,10186,SCR117_DeepSeq
94,9261,SCR117_DeepSeq
95,8464,SCR117_DeepSeq
96,7840,SCR117_DeepSeq
97,7067,SCR117_DeepSeq
98,6491,SCR117_DeepSeq
99,6020,SCR117_DeepSeq
100,5543,SCR117_DeepSeq
101,5251,SCR117_DeepSeq
102,4761,SCR117_DeepSeq
103,4529,SCR117_DeepSeq
104,4115,SCR117_DeepSeq
105,3766,SCR117_DeepSeq
106,3509,SCR117_DeepSeq
107,3216,SCR117_DeepSeq
108,3072,SCR117_DeepSeq
109,2817,SCR117_DeepSeq
110,2676,SCR117_DeepSeq
111,2526,SCR117_DeepSeq
112,2452,SCR117_DeepSeq
113,2164,SCR117_DeepSeq
114,1992,SCR117_DeepSeq
115,1902,SCR117_DeepSeq
116,1780,SCR117_DeepSeq
117,1691,SCR117_DeepSeq
118,1628,SCR117_DeepSeq
119,1485,SCR117_DeepSeq
120,1393,SCR117_DeepSeq
121,1353,SCR117_DeepSeq
122,1362,SCR117_DeepSeq
123,1236,SCR117_DeepSeq
124,1199,SCR117_DeepSeq
125,1129,SCR117_DeepSeq
126,1052,SCR117_DeepSeq
127,1054,SCR117_DeepSeq
128,954,SCR117_DeepSeq
129,920,SCR117_DeepSeq
130,844,SCR117_DeepSeq
131,901,SCR117_DeepSeq
132,809,SCR117_DeepSeq
133,772,SCR117_DeepSeq
134,781,SCR117_DeepSeq
135,705,SCR117_DeepSeq
136,681,SCR117_DeepSeq
137,703,SCR117_DeepSeq
138,643,SCR117_DeepSeq
139,591,SCR117_DeepSeq
140,587,SCR117_DeepSeq
141,510,SCR117_DeepSeq
142,543,SCR117_DeepSeq
143,493,SCR117_DeepSeq
144,490,SCR117_DeepSeq
145,499,SCR117_DeepSeq
146,496,SCR117_DeepSeq
147,456,SCR117_DeepSeq
148,453,SCR117_DeepSeq
149,431,SCR117_DeepSeq
150,414,SCR117_DeepSeq
151,398,SCR117_DeepSeq
152,411,SCR117_DeepSeq
153,382,SCR117_DeepSeq
154,361,SCR117_DeepSeq
155,352,SCR117_DeepSeq
156,331,SCR117_DeepSeq
157,325,SCR117_DeepSeq
158,316,SCR117_DeepSeq
159,319,SCR117_DeepSeq
160,310,SCR117_DeepSeq
161,284,SCR117_DeepSeq
162,254,SCR117_DeepSeq
163,301,SCR117_DeepSeq
164,270,SCR117_DeepSeq
165,277,SCR117_DeepSeq
166,253,SCR117_DeepSeq
167,237,SCR117_DeepSeq
168,245,SCR117_DeepSeq
169,270,SCR117_DeepSeq
170,205,SCR117_DeepSeq
171,275,SCR117_DeepSeq
172,231,SCR117_DeepSeq
173,197,SCR117_DeepSeq
174,203,SCR117_DeepSeq
175,186,SCR117_DeepSeq
176,191,SCR117_DeepSeq
177,186,SCR117_DeepSeq
178,197,SCR117_DeepSeq
179,174,SCR117_DeepSeq
180,150,SCR117_DeepSeq
181,152,SCR117_DeepSeq
182,178,SCR117_DeepSeq
183,171,SCR117_DeepSeq
184,168,SCR117_DeepSeq
185,151,SCR117_DeepSeq
186,124,SCR117_DeepSeq
187,149,SCR117_DeepSeq
188,172,SCR117_DeepSeq
189,169,SCR117_DeepSeq
190,141,SCR117_DeepSeq
191,141,SCR117_DeepSeq
192,144,SCR117_DeepSeq
193,139,SCR117_DeepSeq
194,130,SCR117_DeepSeq
195,111,SCR117_DeepSeq
196,122,SCR117_DeepSeq
197,122,SCR117_DeepSeq
198,112,SCR117_DeepSeq
199,126,SCR117_DeepSeq
200,116,SCR117_DeepSeq
201,99,SCR117_DeepSeq
202,80,SCR117_DeepSeq
203,100,SCR117_DeepSeq
204,97,SCR117_DeepSeq
205,91,SCR117_DeepSeq
206,83,SCR117_DeepSeq
207,75,SCR117_DeepSeq
208,95,SCR117_DeepSeq
209,86,SCR117_DeepSeq
210,83,SCR117_DeepSeq
211,86,SCR117_DeepSeq
212,62,SCR117_DeepSeq
213,79,SCR117_DeepSeq
214,80,SCR117_DeepSeq
215,84,SCR117_DeepSeq
216,67,SCR117_DeepSeq
217,58,SCR117_DeepSeq
218,80,SCR117_DeepSeq
219,65,SCR117_DeepSeq
220,72,SCR117_DeepSeq
221,72,SCR117_DeepSeq
222,50,SCR117_DeepSeq
223,58,SCR117_DeepSeq
224,71,SCR117_DeepSeq
225,69,SCR117_DeepSeq
226,55,SCR117_DeepSeq
227,63,SCR117_DeepSeq
228,60,SCR117_DeepSeq
229,55,SCR117_DeepSeq
230,56,SCR117_DeepSeq
231,51,SCR117_DeepSeq
232,43,SCR117_DeepSeq
233,52,SCR117_DeepSeq
234,40,SCR117_DeepSeq
235,53,SCR117_DeepSeq
236,50,SCR117_DeepSeq
237,47,SCR117_DeepSeq
238,56,SCR117_DeepSeq
239,41,SCR117_DeepSeq
240,37,SCR117_DeepSeq
241,39,SCR117_DeepSeq
242,38,SCR117_DeepSeq
243,44,SCR117_DeepSeq
244,41,SCR117_DeepSeq
245,46,SCR117_DeepSeq
246,47,SCR117_DeepSeq
247,37,SCR117_DeepSeq
248,41,SCR117_DeepSeq
249,36,SCR117_DeepSeq
250,37,SCR117_DeepSeq
251,26,SCR117_DeepSeq
252,38,SCR117_DeepSeq
253,28,SCR117_DeepSeq
254,40,SCR117_DeepSeq
255,33,SCR117_DeepSeq
256,35,SCR117_DeepSeq
257,22,SCR117_DeepSeq
258,34,SCR117_DeepSeq
259,25,SCR117_DeepSeq
260,32,SCR117_DeepSeq
261,34,SCR117_DeepSeq
262,21,SCR117_DeepSeq
263,37,SCR117_DeepSeq
264,26,SCR117_DeepSeq
265,27,SCR117_DeepSeq
266,24,SCR117_DeepSeq
267,24,SCR117_DeepSeq
268,20,SCR117_DeepSeq
269,39,SCR117_DeepSeq
270,26,SCR117_DeepSeq
271,15,SCR117_DeepSeq
272,23,SCR117_DeepSeq
273,14,SCR117_DeepSeq
274,28,SCR117_DeepSeq
275,17,SCR117_DeepSeq
276,21,SCR117_DeepSeq
277,20,SCR117_DeepSeq
278,20,SCR117_DeepSeq
279,28,SCR117_DeepSeq
280,17,SCR117_DeepSeq
281,20,SCR117_DeepSeq
282,20,SCR117_DeepSeq
283,18,SCR117_DeepSeq
284,13,SCR117_DeepSeq
285,18,SCR117_DeepSeq
286,17,SCR117_DeepSeq
287,21,SCR117_DeepSeq
288,16,SCR117_DeepSeq
289,15,SCR117_DeepSeq
27,44,SCR117_Screening
28,488,SCR117_Screening
29,1246,SCR117_Screening
30,27892,SCR117_Screening
31,28233,SCR117_Screening
32,28118,SCR117_Screening
33,27754,SCR117_Screening
34,26855,SCR117_Screening
35,26013,SCR117_Screening
36,25048,SCR117_Screening
37,23720,SCR117_Screening
38,22803,SCR117_Screening
39,21607,SCR117_Screening
40,20150,SCR117_Screening
41,18791,SCR117_Screening
42,18072,SCR117_Screening
43,16555,SCR117_Screening
44,15319,SCR117_Screening
45,14143,SCR117_Screening
46,12875,SCR117_Screening
47,11888,SCR117_Screening
48,10786,SCR117_Screening
49,9876,SCR117_Screening
50,8913,SCR117_Screening
51,8239,SCR117_Screening
52,7282,SCR117_Screening
53,6646,SCR117_Screening
54,5987,SCR117_Screening
55,5413,SCR117_Screening
56,4906,SCR117_Screening
57,4290,SCR117_Screening
58,4003,SCR117_Screening
59,3512,SCR117_Screening
60,3226,SCR117_Screening
61,2928,SCR117_Screening
62,2482,SCR117_Screening
63,2239,SCR117_Screening
64,2068,SCR117_Screening
65,1947,SCR117_Screening
66,1686,SCR117_Screening
67,1550,SCR117_Screening
68,1399,SCR117_Screening
69,1235,SCR117_Screening
70,1137,SCR117_Screening
71,948,SCR117_Screening
72,892,SCR117_Screening
73,819,SCR117_Screening
74,731,SCR117_Screening
75,674,SCR117_Screening
76,573,SCR117_Screening
77,554,SCR117_Screening
78,516,SCR117_Screening
79,458,SCR117_Screening
80,432,SCR117_Screening
81,388,SCR117_Screening
82,331,SCR117_Screening
83,282,SCR117_Screening
84,252,SCR117_Screening
85,251,SCR117_Screening
86,210,SCR117_Screening
87,189,SCR117_Screening
88,189,SCR117_Screening
89,166,SCR117_Screening
90,151,SCR117_Screening
91,145,SCR117_Screening
92,134,SCR117_Screening
93,107,SCR117_Screening
94,99,SCR117_Screening
95,89,SCR117_Screening
96,74,SCR117_Screening
97,95,SCR117_Screening
98,69,SCR117_Screening
99,79,SCR117_Screening
100,68,SCR117_Screening
101,57,SCR117_Screening
102,55,SCR117_Screening
103,53,SCR117_Screening
104,46,SCR117_Screening
105,53,SCR117_Screening
106,46,SCR117_Screening
107,31,SCR117_Screening
108,32,SCR117_Screening
109,33,SCR117_Screening
110,32,SCR117_Screening
111,33,SCR117_Screening
112,30,SCR117_Screening
113,27,SCR117_Screening
114,34,SCR117_Screening
115,20,SCR117_Screening
116,19,SCR117_Screening
117,15,SCR117_Screening
118,19,SCR117_Screening
119,18,SCR117_Screening
120,25,SCR117_Screening
121,13,SCR117_Screening
122,15,SCR117_Screening
123,10,SCR117_Screening
124,18,SCR117_Screening
125,13,SCR117_Screening
126,14,SCR117_Screening
127,8,SCR117_Screening
128,9,SCR117_Screening
129,14,SCR117_Screening
130,14,SCR117_Screening
131,14,SCR117_Screening
132,10,SCR117_Screening
133,14,SCR117_Screening
134,9,SCR117_Screening
135,11,SCR117_Screening
136,7,SCR117_Screening
137,3,SCR117_Screening
138,4,SCR117_Screening
139,14,SCR117_Screening
140,8,SCR117_Screening
141,10,SCR117_Screening
142,4,SCR117_Screening
143,7,SCR117_Screening
144,6,SCR117_Screening
145,4,SCR117_Screening
146,2,SCR117_Screening
147,6,SCR117_Screening
148,5,SCR117_Screening
149,4,SCR117_Screening
150,5,SCR117_Screening
151,14,SCR117_Screening
152,9,SCR117_Screening
153,7,SCR117_Screening
154,6,SCR117_Screening
155,3,SCR117_Screening
156,4,SCR117_Screening
157,6,SCR117_Screening
158,4,SCR117_Screening
159,4,SCR117_Screening
160,6,SCR117_Screening
161,3,SCR117_Screening
162,1,SCR117_Screening
163,2,SCR117_Screening
164,1,SCR117_Screening
165,4,SCR117_Screening
166,2,SCR117_Screening
167,4,SCR117_Screening
168,1,SCR117_Screening
169,5,SCR117_Screening
170,4,SCR117_Screening
171,2,SCR117_Screening
172,3,SCR117_Screening
173,3,SCR117_Screening
174,1,SCR117_Screening
175,5,SCR117_Screening
176,4,SCR117_Screening
177,3,SCR117_Screening
178,4,SCR117_Screening
179,4,SCR117_Screening
180,1,SCR117_Screening
181,1,SCR117_Screening
182,5,SCR117_Screening
183,5,SCR117_Screening
184,5,SCR117_Screening
185,3,SCR117_Screening
186,6,SCR117_Screening
187,4,SCR117_Screening
188,4,SCR117_Screening
191,2,SCR117_Screening
192,1,SCR117_Screening
193,1,SCR117_Screening
197,1,SCR117_Screening
198,3,SCR117_Screening
199,5,SCR117_Screening
200,3,SCR117_Screening
201,1,SCR117_Screening
202,1,SCR117_Screening
203,2,SCR117_Screening
204,2,SCR117_Screening
205,2,SCR117_Screening
206,3,SCR117_Screening
208,1,SCR117_Screening
209,1,SCR117_Screening
214,1,SCR117_Screening
216,2,SCR117_Screening
221,1,SCR117_Screening
223,1,SCR117_Screening
226,2,SCR117_Screening
227,1,SCR117_Screening
228,1,SCR117_Screening
230,3,SCR117_Screening
231,1,SCR117_Screening
232,1,SCR117_Screening
233,2,SCR117_Screening
234,2,SCR117_Screening
236,1,SCR117_Screening
237,2,SCR117_Screening
242,1,SCR117_Screening
243,1,SCR117_Screening
246,1,SCR117_Screening
249,1,SCR117_Screening
253,1,SCR117_Screening
254,1,SCR117_Screening
255,1,SCR117_Screening
257,1,SCR117_Screening
258,1,SCR117_Screening
260,1,SCR117_Screening
261,1,SCR117_Screening
262,1,SCR117_Screening
264,1,SCR117_Screening
267,1,SCR117_Screening
273,1,SCR117_Screening
276,1,SCR117_Screening
277,1,SCR117_Screening
288,1,SCR117_Screening
