Table S12 Comparative stable isotope dataset. Stable carbon-13 isotope values for Fossil936 and late Pleistocene Alcelaphinae and Cephalophinae. The fields delta13C_corrected and Elevation_m_DEM were used for the final analyses to produce Fig. 5A. The elevation for each fossil was extracted from the digital elevation model obtained from Verdin (2017) (https://doi.org/10.3133/ds1053) based on its latitude and longitude in QGIS (https://qgis.org/). See the GitHub repository for details: https://github.com/DeondeJager/Fincha-Habera-Ancient-Wildebeest. ,,,,,,,,,,,,,,,,,,,,,,,,,,,,,,,,,,,
Biogeographic_region,Country,Region,Site,Collection_designation,Stratigraphic_information_Site_component,Latitude,Longitude,Elevation_m_literature,Elevation_m_DEM,Age_upper,Age_lower,Age_mid,Age_source,Approximate_age,References_age,Geological_age_bin,Age_status,delta13C,delta13C_corrected,delta13C_diet,perc_C4,delta18O,delta15N_air,wt_perc_C,wt_perc_N,C_N_ratio_atomic,Dietary_category_orig,Dietary_category_manual,Taxon,Taxon_group,Material_class,Material_element,Material_fraction,References_iso,References_iso_original
Eastern Africa,Ethiopia,Bale mountains,Fincha Habera,936,Square F13; Layer FHL-09,7.015,39.72,3469,3468,42505,41175,41840,Calibrated c14 age of specimen; range is 2-sigma; UCIAMS-251302,NA,This paper,Late Pleistocene,Fossil,-18.64,-8.64,-23.64,0.2,NA,9.03,36.36,13.15,3.22,Grazer,Grazer,Connochaetes sp. 936,Alcelaphini_Bale,Tooth,Upper M3,Collagen,This study,NA
Eastern Africa,Ethiopia,Bale mountains,Fincha Habera,936,Square F13; Layer FHL-09,7.015,39.72,3469,3468,42505,41175,41840,Calibrated c14 age of specimen; range is 2-sigma; UCIAMS-251302,NA,This paper,Late Pleistocene,Fossil,-18.63,-8.63,-23.63,0.2,NA,9.04,36.91,13.24,3.25,Grazer,Grazer,Connochaetes sp. 936,Alcelaphini_Bale,Tooth,Upper M3,Collagen,This study,NA
Eastern Africa,Ethiopia,Dire Dawa,Porc Epic,3.11-1 982,08 EW 04 NS Position SW 60 - 70 cmbs,9.53,41.89,1427,1465,100000,40000,70000,Follows Robinson (2022),100-40 ka a,Robinson (2022),Late Pleistocene,Fossil,2.5,2.5,-11.6,1.01,3.3,NA,NA,NA,NA,Grazer,Grazer,Damaliscus lunatus,Alcelaphini,Tooth,Upper M,Enamel,Robinson (2022),Robinson (2017)
Eastern Africa,Ethiopia,Dire Dawa,Porc Epic,13.33-1 2122,06 EW 04 NS Position NW 160 - 170 cmbs,9.53,41.89,1427,1465,100000,40000,70000,Follows Robinson (2022),100-40 ka b,Robinson (2022),Late Pleistocene,Fossil,2.5,2.5,-11.6,1.01,0.1,NA,NA,NA,NA,Grazer,Grazer,Damaliscus cf. lunatus,Alcelaphini,Tooth,Upper M,Enamel,Robinson (2022),Robinson (2017)
Eastern Africa,Ethiopia,Dire Dawa,Porc Epic,14.18-2 341B,08 EW 07 NS Position North Wall 170 - 180 cmbs,9.53,41.89,1427,1465,100000,40000,70000,Follows Robinson (2022),100-40 ka b,Robinson (2022),Late Pleistocene,Fossil,-0.6,-0.6,-14.7,0.8,1.6,NA,NA,NA,NA,Grazer,Grazer,Damaliscus lunatus,Alcelaphini,Tooth,Upper M1,Enamel,Robinson (2022),Robinson (2017)
Eastern Africa,Ethiopia,Omo River,Kibish Formation,KIB 166-2E,Member III,4.81,35.93,399,399,104000,104000,104000,Follows Robinson (2022),104 ka,Robinson (2022),Late Pleistocene,Fossil,2.1,2.1,-12,0.98,1,NA,NA,NA,NA,Grazer,Grazer,Connochaetes taurinus,Alcelaphini,Tooth,Upper Right M,Enamel,Robinson (2022),Robinson et al. (2016)
Eastern Africa,Ethiopia,Omo River,Kibish Formation,KIB 031-1,Member III,4.81,35.93,399,399,104000,104000,104000,Follows Robinson (2022),104 ka,Robinson (2022),Late Pleistocene,Fossil,2.5,2.5,-11.6,1.01,-0.7,NA,NA,NA,NA,Grazer,Grazer,Damaliscus hypsodon,Alcelaphini,Tooth,Lower Right M1M2,Enamel,Robinson (2022),Robinson et al. (2016)
Eastern Africa,Kenya,Athi-Kapiti,Lukenya Hill,GvJm 19 4164,S 9-10; E 3-4; D.S. 110-115,-1.39,36.82,1522,1625,14000,14000,14000,Follows Robinson (2022),14 ka,Robinson (2022),Late Pleistocene,Fossil,-8,-8,-22.1,0.3,-0.4,NA,NA,NA,NA,Mixed,Browser,Sylvicapra grimmia,Cephalophini,Tooth,Upper Right M1/M2,Enamel,Robinson (2022),Robinson (2017)
Eastern Africa,Kenya,Athi-Kapiti,Lukenya Hill,GvJm 19 4855,S 10-11; E 5-6; D.S. 125-130,-1.39,36.82,1522,1625,14000,14000,14000,Follows Robinson (2022),14 ka,Robinson (2022),Late Pleistocene,Fossil,-0.8,-0.8,-14.9,0.79,-4,NA,NA,NA,NA,Grazer,Grazer,Alcelaphus buselaphus,Alcelaphini,Tooth,M,Enamel,Robinson (2022),Robinson (2017)
Eastern Africa,Kenya,Athi-Kapiti,Lukenya Hill,GvJm 19 2600,S 11-12; E 4-5; D.S. 115-120,-1.39,36.82,1522,1625,14000,14000,14000,Follows Robinson (2022),14 ka,Robinson (2022),Late Pleistocene,Fossil,-0.3,-0.3,-14.4,0.82,-2.4,NA,NA,NA,NA,Grazer,Grazer,Alcelaphus buselaphus,Alcelaphini,Tooth,M,Enamel,Robinson (2022),Robinson (2017)
Eastern Africa,Kenya,Athi-Kapiti,Lukenya Hill,GvJm 19 2784,S 10-11; E 5-6; D.S. 110-115,-1.39,36.82,1522,1625,14000,14000,14000,Follows Robinson (2022),14 ka,Robinson (2022),Late Pleistocene,Fossil,0.7,0.7,-13.4,0.89,-1.9,NA,NA,NA,NA,Grazer,Grazer,Alcelaphus buselaphus,Alcelaphini,Tooth,M,Enamel,Robinson (2022),Robinson (2017)
Eastern Africa,Kenya,Athi-Kapiti,Lukenya Hill,GvJm 19 1345,TP3 110-115,-1.39,36.82,1522,1625,14000,14000,14000,Follows Robinson (2022),14 ka,Robinson (2022),Late Pleistocene,Fossil,0.8,0.8,-13.3,0.89,-3.2,NA,NA,NA,NA,Grazer,Grazer,Connochaetes taurinus,Alcelaphini,Tooth,M3,Enamel,Robinson (2022),Robinson (2017)
Eastern Africa,Kenya,Athi-Kapiti,Lukenya Hill,GvJm 19 406,TP1 125-130,-1.39,36.82,1522,1625,14000,14000,14000,Follows Robinson (2022),14 ka,Robinson (2022),Late Pleistocene,Fossil,0.8,0.8,-13.3,0.89,-2,NA,NA,NA,NA,Grazer,Grazer,Damaliscus hypsodon,Alcelaphini,Tooth,M,Enamel,Robinson (2022),Robinson (2017)
Eastern Africa,Kenya,Athi-Kapiti,Lukenya Hill,GvJm 19 2434,S 9-10; E 4-5; D.S. 110-115,-1.39,36.82,1522,1625,14000,14000,14000,Follows Robinson (2022),14 ka,Robinson (2022),Late Pleistocene,Fossil,1.7,1.7,-12.4,0.95,-3.2,NA,NA,NA,NA,Grazer,Grazer,Connochaetes taurinus,Alcelaphini,Tooth,M,Enamel,Robinson (2022),Robinson (2017)
Eastern Africa,Kenya,Athi-Kapiti,Lukenya Hill,GvJm 46 4917,TP7 210-220,-1.39,36.82,1522,1625,40000,40000,40000,Follows Robinson (2022),> 40 ka,Robinson (2022),Late Pleistocene,Fossil,-0.2,-0.2,-14.3,0.83,-3.2,NA,NA,NA,NA,Grazer,Grazer,Damaliscus hypsodon,Alcelaphini,Tooth,M,Enamel,Robinson (2022),Robinson (2017)
Eastern Africa,Kenya,Athi-Kapiti,Lukenya Hill,GvJm 46 3688,Pit 4 250-260,-1.39,36.82,1522,1625,40000,40000,40000,Follows Robinson (2022),> 40 ka,Robinson (2022),Late Pleistocene,Fossil,0.7,0.7,-13.4,0.89,-3.4,NA,NA,NA,NA,Grazer,Grazer,Damaliscus hypsodon,Alcelaphini,Tooth,M,Enamel,Robinson (2022),Robinson (2017)
Eastern Africa,Kenya,Athi-Kapiti,Lukenya Hill,GvJm 46 4963,TP7 200-210,-1.39,36.82,1522,1625,40000,40000,40000,Follows Robinson (2022),> 40 ka,Robinson (2022),Late Pleistocene,Fossil,1.3,1.3,-12.8,0.93,-4,NA,NA,NA,NA,Grazer,Grazer,Damaliscus hypsodon,Alcelaphini,Tooth,M,Enamel,Robinson (2022),Robinson (2017)
Eastern Africa,Kenya,Athi-Kapiti,Lukenya Hill,GvJm 46 3557,Pit 4 200-210,-1.39,36.82,1522,1625,40000,40000,40000,Follows Robinson (2022),> 40 ka,Robinson (2022),Late Pleistocene,Fossil,2,2,-12.1,0.97,-3.2,NA,NA,NA,NA,Grazer,Grazer,Damaliscus hypsodon,Alcelaphini,Tooth,M,Enamel,Robinson (2022),Robinson (2017)
Eastern Africa,Kenya,Athi-Kapiti,Lukenya Hill,GvJm 46 4101,Pit 4 230-240,-1.39,36.82,1522,1625,40000,40000,40000,Follows Robinson (2022),> 40 ka,Robinson (2022),Late Pleistocene,Fossil,2.1,2.1,-12,0.98,-5.9,NA,NA,NA,NA,Grazer,Grazer,Damaliscus hypsodon,Alcelaphini,Tooth,M,Enamel,Robinson (2022),Robinson (2017)
Eastern Africa,Kenya,Athi-Kapiti,Lukenya Hill,GvJm 46 4516,Pit 4 230-240,-1.39,36.82,1522,1625,40000,40000,40000,Follows Robinson (2022),> 40 ka,Robinson (2022),Late Pleistocene,Fossil,2.4,2.4,-11.7,1,-3.7,NA,NA,NA,NA,Grazer,Grazer,Damaliscus hypsodon,Alcelaphini,Tooth,M,Enamel,Robinson (2022),Robinson (2017)
Eastern Africa,Kenya,Athi-Kapiti,Lukenya Hill,GvJm 46 4102,Pit 4 240-250,-1.39,36.82,1522,1625,40000,40000,40000,Follows Robinson (2022),> 40 ka,Robinson (2022),Late Pleistocene,Fossil,2.6,2.6,-11.5,1.01,-5,NA,NA,NA,NA,Grazer,Grazer,Damaliscus hypsodon,Alcelaphini,Tooth,M,Enamel,Robinson (2022),Robinson (2017)
Eastern Africa,Kenya,Athi-Kapiti,Lukenya Hill,GvJm 46 4949,TP7 290-300,-1.39,36.82,1522,1625,40000,40000,40000,Follows Robinson (2022),> 40 ka,Robinson (2022),Late Pleistocene,Fossil,2.6,2.6,-11.5,1.01,-3.9,NA,NA,NA,NA,Grazer,Grazer,Damaliscus hypsodon,Alcelaphini,Tooth,M,Enamel,Robinson (2022),Robinson (2017)
Eastern Africa,Kenya,Athi-Kapiti,Lukenya Hill,GvJm 46 6788,TP7 200-210,-1.39,36.82,1522,1625,40000,40000,40000,Follows Robinson (2022),> 40 ka,Robinson (2022),Late Pleistocene,Fossil,2.6,2.6,-11.5,1.01,-1.4,NA,NA,NA,NA,Grazer,Grazer,Damaliscus hypsodon,Alcelaphini,Tooth,M,Enamel,Robinson (2022),Robinson (2017)
Eastern Africa,Kenya,Athi-Kapiti,Lukenya Hill,GvJm 46 3369,Pit 3 220-230,-1.39,36.82,1522,1625,40000,40000,40000,Follows Robinson (2022),> 40 ka,Robinson (2022),Late Pleistocene,Fossil,2.8,2.8,-11.3,1.03,-3.2,NA,NA,NA,NA,Grazer,Grazer,Damaliscus hypsodon,Alcelaphini,Tooth,M,Enamel,Robinson (2022),Robinson (2017)
Eastern Africa,Kenya,Athi-Kapiti,Lukenya Hill,GvJm 46 3372,Pit 3 230-240,-1.39,36.82,1522,1625,40000,40000,40000,Follows Robinson (2022),> 40 ka,Robinson (2022),Late Pleistocene,Fossil,2.8,2.8,-11.3,1.03,-4,NA,NA,NA,NA,Grazer,Grazer,Damaliscus hypsodon,Alcelaphini,Tooth,M,Enamel,Robinson (2022),Robinson (2017)
Eastern Africa,Kenya,Athi-Kapiti,Lukenya Hill,GvJm 46 3590,Pit 4 230-240,-1.39,36.82,1522,1625,40000,40000,40000,Follows Robinson (2022),> 40 ka,Robinson (2022),Late Pleistocene,Fossil,2.8,2.8,-11.3,1.03,-4.4,NA,NA,NA,NA,Grazer,Grazer,Damaliscus hypsodon,Alcelaphini,Tooth,M,Enamel,Robinson (2022),Robinson (2017)
Eastern Africa,Kenya,Athi-Kapiti,Lukenya Hill,GvJm 46 4902,TP7 180-190,-1.39,36.82,1522,1625,40000,40000,40000,Follows Robinson (2022),> 40 ka,Robinson (2022),Late Pleistocene,Fossil,2.8,2.8,-11.3,1.03,-2.8,NA,NA,NA,NA,Grazer,Grazer,Damaliscus hypsodon,Alcelaphini,Tooth,M,Enamel,Robinson (2022),Robinson (2017)
Eastern Africa,Kenya,Athi-Kapiti,Lukenya Hill,GvJm 46 4951,TP7 290-300,-1.39,36.82,1522,1625,40000,40000,40000,Follows Robinson (2022),> 40 ka,Robinson (2022),Late Pleistocene,Fossil,2.8,2.8,-11.3,1.03,-4.4,NA,NA,NA,NA,Grazer,Grazer,Damaliscus hypsodon,Alcelaphini,Tooth,M,Enamel,Robinson (2022),Robinson (2017)
Eastern Africa,Kenya,Athi-Kapiti,Lukenya Hill,GvJm 46 4916,TP7 210-220,-1.39,36.82,1522,1625,40000,40000,40000,Follows Robinson (2022),> 40 ka,Robinson (2022),Late Pleistocene,Fossil,3.5,3.5,-10.6,1.07,-2.5,NA,NA,NA,NA,Grazer,Grazer,Damaliscus hypsodon,Alcelaphini,Tooth,M,Enamel,Robinson (2022),Robinson (2017)
Eastern Africa,Kenya,Athi-Kapiti,Lukenya Hill,GvJm 62 340,S 23-24; E 0-1; D.S. 230-240,-1.39,36.82,1522,1625,30000,25000,27500,Follows Robinson (2022),30-25 ka,Robinson (2022),Late Pleistocene,Fossil,-0.3,-0.3,-14.4,0.82,-5.7,NA,NA,NA,NA,Grazer,Grazer,Alcelaphus buselaphus,Alcelaphini,Tooth,Upper Right M3,Enamel,Robinson (2022),Robinson (2017)
Eastern Africa,Kenya,Athi-Kapiti,Lukenya Hill,GvJm 62 2314,TP3 240-250,-1.39,36.82,1522,1625,30000,25000,27500,Follows Robinson (2022),30-25 ka,Robinson (2022),Late Pleistocene,Fossil,1.1,1.1,-13,0.91,-5.2,NA,NA,NA,NA,Grazer,Grazer,Alcelaphus buselaphus,Alcelaphini,Tooth,Upper Right M3,Enamel,Robinson (2022),Robinson (2017)
Eastern Africa,Kenya,Athi-Kapiti,Lukenya Hill,GvJm 62 341,S 23-24; E 0-1; D.S. 230-240,-1.39,36.82,1522,1625,30000,25000,27500,Follows Robinson (2022),30-25 ka,Robinson (2022),Late Pleistocene,Fossil,1.1,1.1,-13,0.91,-0.1,NA,NA,NA,NA,Grazer,Grazer,Connochaetes taurinus,Alcelaphini,Tooth,Upper Right M,Enamel,Robinson (2022),Robinson (2017)
Eastern Africa,Kenya,Athi-Kapiti,Lukenya Hill,GvJm 62 2012,S 22-23; E 4-5; D.S. 235-240,-1.39,36.82,1522,1625,30000,25000,27500,Follows Robinson (2022),30-25 ka,Robinson (2022),Late Pleistocene,Fossil,1.5,1.5,-12.6,0.94,-4.2,NA,NA,NA,NA,Grazer,Grazer,Damaliscus hypsodon,Alcelaphini,Tooth,Lower Right M1/M2,Enamel,Robinson (2022),Robinson (2017)
Eastern Africa,Kenya,Athi-Kapiti,Lukenya Hill,GvJm 62 2274,S 22-23; E 5-6; D.S. 300-310,-1.39,36.82,1522,1625,30000,25000,27500,Follows Robinson (2022),30-25 ka,Robinson (2022),Late Pleistocene,Fossil,1.9,1.9,-12.2,0.97,-4.6,NA,NA,NA,NA,Grazer,Grazer,Damaliscus hypsodon,Alcelaphini,Tooth,Lower Right M3,Enamel,Robinson (2022),Robinson (2017)
Eastern Africa,Kenya,Athi-Kapiti,Lukenya Hill,GvJm 62 2285,S 22-23; E 5-6; D.S. 350-360,-1.39,36.82,1522,1625,30000,25000,27500,Follows Robinson (2022),30-25 ka,Robinson (2022),Late Pleistocene,Fossil,2.1,2.1,-12,0.98,-2.2,NA,NA,NA,NA,Grazer,Grazer,Damaliscus hypsodon,Alcelaphini,Tooth,Lower M,Enamel,Robinson (2022),Robinson (2017)
Eastern Africa,Kenya,Athi-Kapiti,Lukenya Hill,GvJm 62 1985,S 22-23; E 3-4; D.S. 240-245,-1.39,36.82,1522,1625,30000,25000,27500,Follows Robinson (2022),30-25 ka,Robinson (2022),Late Pleistocene,Fossil,2.3,2.3,-11.8,0.99,-4.1,NA,NA,NA,NA,Grazer,Grazer,Damaliscus hypsodon,Alcelaphini,Tooth,Lower Left M3,Enamel,Robinson (2022),Robinson (2017)
Eastern Africa,Kenya,Athi-Kapiti,Lukenya Hill,GvJm 62 1978,S 22-23; E 3-4; D.S. 230-235,-1.39,36.82,1522,1625,30000,25000,27500,Follows Robinson (2022),30-25 ka,Robinson (2022),Late Pleistocene,Fossil,2.5,2.5,-11.6,1.01,-4.6,NA,NA,NA,NA,Grazer,Grazer,Damaliscus hypsodon,Alcelaphini,Tooth,Lower M,Enamel,Robinson (2022),Robinson (2017)
Eastern Africa,Kenya,Athi-Kapiti,Lukenya Hill,GvJm 62 2016,S 22-23; E 4-5; D.S. 240-250,-1.39,36.82,1522,1625,30000,25000,27500,Follows Robinson (2022),30-25 ka,Robinson (2022),Late Pleistocene,Fossil,2.8,2.8,-11.3,1.03,-3.5,NA,NA,NA,NA,Grazer,Grazer,Alcelaphus buselaphus,Alcelaphini,Tooth,Upper Right M2,Enamel,Robinson (2022),Robinson (2017)
Eastern Africa,Kenya,Athi-Kapiti,Lukenya Hill,GvJm 62 2251,S 22-23; E 5-6; D.S. 230-240,-1.39,36.82,1522,1625,30000,25000,27500,Follows Robinson (2022),30-25 ka,Robinson (2022),Late Pleistocene,Fossil,2.9,2.9,-11.2,1.03,-4.4,NA,NA,NA,NA,Grazer,Grazer,Alcelaphus buselaphus,Alcelaphini,Tooth,Upper Right M1/M2,Enamel,Robinson (2022),Robinson (2017)
Eastern Africa,Kenya,Athi-Kapiti,Lukenya Hill,GvJm 22 521,Occurrence E: C 135-140,-1.39,36.82,1522,1625,46000,15000,30500,Follows Robinson (2022),> 46-15 ka,Robinson (2022),Late Pleistocene,Fossil,-0.6,-0.6,-14.7,0.8,-3,NA,NA,NA,NA,Grazer,Grazer,Alcelaphus buselaphus,Alcelaphini,Tooth,M,Enamel,Robinson (2022),Robinson (2017)
Eastern Africa,Kenya,Athi-Kapiti,Lukenya Hill,GvJm 22 334,Btwn Occurrences E and F: A 160-170,-1.39,36.82,1522,1625,46000,15000,30500,Follows Robinson (2022),> 46-15 ka,Robinson (2022),Late Pleistocene,Fossil,-0.3,-0.3,-14.4,0.82,-0.7,NA,NA,NA,NA,Grazer,Grazer,Damaliscus hypsodon,Alcelaphini,Tooth,M,Enamel,Robinson (2022),Robinson (2017)
Eastern Africa,Kenya,Athi-Kapiti,Lukenya Hill,GvJm 22 156,Occurrence E: C 130-140,-1.39,36.82,1522,1625,46000,15000,30500,Follows Robinson (2022),> 46-15 ka,Robinson (2022),Late Pleistocene,Fossil,0.5,0.5,-13.6,0.87,-0.3,NA,NA,NA,NA,Grazer,Grazer,Damaliscus hypsodon,Alcelaphini,Tooth,M,Enamel,Robinson (2022),Robinson (2017)
Eastern Africa,Kenya,Athi-Kapiti,Lukenya Hill,GvJm 22 268,Occurrence E: C 135-140,-1.39,36.82,1522,1625,46000,15000,30500,Follows Robinson (2022),> 46-15 ka,Robinson (2022),Late Pleistocene,Fossil,0.7,0.7,-13.4,0.89,-2,NA,NA,NA,NA,Grazer,Grazer,Damaliscus hypsodon,Alcelaphini,Tooth,M,Enamel,Robinson (2022),Robinson (2017)
Eastern Africa,Kenya,Athi-Kapiti,Lukenya Hill,GvJm 22 293,Occurrence E: C 145-150,-1.39,36.82,1522,1625,46000,15000,30500,Follows Robinson (2022),> 46-15 ka,Robinson (2022),Late Pleistocene,Fossil,0.7,0.7,-13.4,0.89,-1.7,NA,NA,NA,NA,Grazer,Grazer,Damaliscus hypsodon,Alcelaphini,Tooth,M,Enamel,Robinson (2022),Robinson (2017)
Eastern Africa,Kenya,Athi-Kapiti,Lukenya Hill,GvJm 22 531,Occurrence E: C 140-145,-1.39,36.82,1522,1625,46000,15000,30500,Follows Robinson (2022),> 46-15 ka,Robinson (2022),Late Pleistocene,Fossil,0.7,0.7,-13.4,0.89,0.7,NA,NA,NA,NA,Grazer,Grazer,Damaliscus hypsodon,Alcelaphini,Tooth,M,Enamel,Robinson (2022),Robinson (2017)
Eastern Africa,Kenya,Athi-Kapiti,Lukenya Hill,GvJm 22 157,Occurrence E: C 130-135,-1.39,36.82,1522,1625,46000,15000,30500,Follows Robinson (2022),> 46-15 ka,Robinson (2022),Late Pleistocene,Fossil,1,1,-13.1,0.91,-0.3,NA,NA,NA,NA,Grazer,Grazer,Damaliscus hypsodon,Alcelaphini,Tooth,M,Enamel,Robinson (2022),Robinson (2017)
Eastern Africa,Kenya,Athi-Kapiti,Lukenya Hill,GvJm 22 602,Occurrence E: C 130-135,-1.39,36.82,1522,1625,46000,15000,30500,Follows Robinson (2022),> 46-15 ka,Robinson (2022),Late Pleistocene,Fossil,1,1,-13.1,0.91,-2.3,NA,NA,NA,NA,Grazer,Grazer,Connochaetes taurinus,Alcelaphini,Tooth,M,Enamel,Robinson (2022),Robinson (2017)
Eastern Africa,Kenya,Athi-Kapiti,Lukenya Hill,GvJm 22 203,Btwn Occurrences E and F: C + Balk 165-170,-1.39,36.82,1522,1625,46000,15000,30500,Follows Robinson (2022),> 46-15 ka,Robinson (2022),Late Pleistocene,Fossil,1.1,1.1,-13,0.91,-1.6,NA,NA,NA,NA,Grazer,Grazer,Damaliscus hypsodon,Alcelaphini,Tooth,M,Enamel,Robinson (2022),Robinson (2017)
Eastern Africa,Kenya,Athi-Kapiti,Lukenya Hill,GvJm 22 259,Occurrence E: A 130-140,-1.39,36.82,1522,1625,46000,15000,30500,Follows Robinson (2022),> 46-15 ka,Robinson (2022),Late Pleistocene,Fossil,1.3,1.3,-12.8,0.93,0.2,NA,NA,NA,NA,Grazer,Grazer,Damaliscus hypsodon,Alcelaphini,Tooth,M,Enamel,Robinson (2022),Robinson (2017)
Eastern Africa,Kenya,Athi-Kapiti,Lukenya Hill,GvJm 22 483,Occurrence E: C 135-140,-1.39,36.82,1522,1625,46000,15000,30500,Follows Robinson (2022),> 46-15 ka,Robinson (2022),Late Pleistocene,Fossil,1.5,1.5,-12.6,0.94,-1.3,NA,NA,NA,NA,Grazer,Grazer,Alcelaphus buselaphus,Alcelaphini,Tooth,M,Enamel,Robinson (2022),Robinson (2017)
Eastern Africa,Kenya,Athi-Kapiti,Lukenya Hill,GvJm 22 174,Occurrence E: C + Balk 150?,-1.39,36.82,1522,1625,46000,15000,30500,Follows Robinson (2022),> 46-15 ka,Robinson (2022),Late Pleistocene,Fossil,1.6,1.6,-12.5,0.95,-0.7,NA,NA,NA,NA,Grazer,Grazer,Damaliscus hypsodon,Alcelaphini,Tooth,M,Enamel,Robinson (2022),Robinson (2017)
Eastern Africa,Kenya,Athi-Kapiti,Lukenya Hill,GvJm 22 180,Occurrence E: C 140-145,-1.39,36.82,1522,1625,46000,15000,30500,Follows Robinson (2022),> 46-15 ka,Robinson (2022),Late Pleistocene,Fossil,1.7,1.7,-12.4,0.95,-2.1,NA,NA,NA,NA,Grazer,Grazer,Damaliscus hypsodon,Alcelaphini,Tooth,M,Enamel,Robinson (2022),Robinson (2017)
Eastern Africa,Kenya,Athi-Kapiti,Lukenya Hill,GvJm 22 186,Occurrence E: TP 140-145,-1.39,36.82,1522,1625,46000,15000,30500,Follows Robinson (2022),> 46-15 ka,Robinson (2022),Late Pleistocene,Fossil,1.7,1.7,-12.4,0.95,-0.5,NA,NA,NA,NA,Grazer,Grazer,Damaliscus hypsodon,Alcelaphini,Tooth,M,Enamel,Robinson (2022),Robinson (2017)
Eastern Africa,Kenya,Athi-Kapiti,Lukenya Hill,GvJm 22 611,Occurrence E: C + Balk 145-150,-1.39,36.82,1522,1625,46000,15000,30500,Follows Robinson (2022),> 46-15 ka,Robinson (2022),Late Pleistocene,Fossil,1.8,1.8,-12.3,0.96,-2.9,NA,NA,NA,NA,Grazer,Grazer,Connochaetes taurinus,Alcelaphini,Tooth,M,Enamel,Robinson (2022),Robinson (2017)
Eastern Africa,Kenya,Athi-Kapiti,Lukenya Hill,GvJm 22 488,Occurrence E: B 11? 140-145,-1.39,36.82,1522,1625,46000,15000,30500,Follows Robinson (2022),> 46-15 ka,Robinson (2022),Late Pleistocene,Fossil,2.2,2.2,-11.9,0.99,-3.5,NA,NA,NA,NA,Grazer,Grazer,Alcelaphus buselaphus,Alcelaphini,Tooth,M,Enamel,Robinson (2022),Robinson (2017)
Eastern Africa,Kenya,Athi-Kapiti,Lukenya Hill,GvJm 22 450,Occurrence E: C 130-135,-1.39,36.82,1522,1625,46000,15000,30500,Follows Robinson (2022),> 46-15 ka,Robinson (2022),Late Pleistocene,Fossil,2.6,2.6,-11.5,1.01,-1.9,NA,NA,NA,NA,Grazer,Grazer,Damaliscus hypsodon,Alcelaphini,Tooth,M,Enamel,Robinson (2022),Robinson (2017)
Eastern Africa,Kenya,Athi-Kapiti,Lukenya Hill,GvJm 22 608,Occurrence E: C + Balk 145-150,-1.39,36.82,1522,1625,46000,15000,30500,Follows Robinson (2022),> 46-15 ka,Robinson (2022),Late Pleistocene,Fossil,3.1,3.1,-11,1.05,1.5,NA,NA,NA,NA,Grazer,Grazer,Connochaetes taurinus,Alcelaphini,Tooth,M,Enamel,Robinson (2022),Robinson (2017)
Eastern Africa,Kenya,Athi-Kapiti,Lukenya Hill,GvJm 22 197,Btwn Occurrences E and F: TP 150-160,-1.39,36.82,1522,1625,46000,15000,30500,Follows Robinson (2022),> 46-15 ka,Robinson (2022),Late Pleistocene,Fossil,3.3,3.3,-10.8,1.06,-2.4,NA,NA,NA,NA,Grazer,Grazer,Damaliscus hypsodon,Alcelaphini,Tooth,M,Enamel,Robinson (2022),Robinson (2017)
Eastern Africa,Kenya,Athi-Kapiti,Lukenya Hill,GvJm 22 244,Occurrence E: C 105-115,-1.39,36.82,1522,1625,46000,15000,30500,Follows Robinson (2022),> 46-15 ka,Robinson (2022),Late Pleistocene,Fossil,3.4,3.4,-10.7,1.07,-2.3,NA,NA,NA,NA,Grazer,Grazer,Damaliscus hypsodon,Alcelaphini,Tooth,M,Enamel,Robinson (2022),Robinson (2017)
Eastern Africa,Kenya,Athi-Kapiti,Lukenya Hill,GvJm 22 508,Occurrence F: A 170-180,-1.39,36.82,1522,1625,46000,26000,36000,Follows Robinson (2022),> 46-26 ka,Robinson (2022),Late Pleistocene,Fossil,-2.4,-2.4,-16.5,0.68,-3.6,NA,NA,NA,NA,Mixed,Grazer,Alcelaphus buselaphus,Alcelaphini,Tooth,M,Enamel,Robinson (2022),Robinson (2017)
Eastern Africa,Kenya,Athi-Kapiti,Lukenya Hill,GvJm 22 436,Occurrence F: C + Balk 190-195,-1.39,36.82,1522,1625,46000,26000,36000,Follows Robinson (2022),> 46-26 ka,Robinson (2022),Late Pleistocene,Fossil,0,0,-14.1,0.84,-3.5,NA,NA,NA,NA,Grazer,Grazer,Damaliscus hypsodon,Alcelaphini,Tooth,M,Enamel,Robinson (2022),Robinson (2017)
Eastern Africa,Kenya,Athi-Kapiti,Lukenya Hill,GvJm 22 553,Occurrence F: C + Balk 195-200,-1.39,36.82,1522,1625,46000,26000,36000,Follows Robinson (2022),> 46-26 ka,Robinson (2022),Late Pleistocene,Fossil,0.7,0.7,-13.4,0.89,-3.9,NA,NA,NA,NA,Grazer,Grazer,Damaliscus hypsodon,Alcelaphini,Tooth,M,Enamel,Robinson (2022),Robinson (2017)
Eastern Africa,Kenya,Athi-Kapiti,Lukenya Hill,GvJm 22 628,Occurrence F: C + Balk 185-190,-1.39,36.82,1522,1625,46000,26000,36000,Follows Robinson (2022),> 46-26 ka,Robinson (2022),Late Pleistocene,Fossil,1.3,1.3,-12.8,0.93,-1.1,NA,NA,NA,NA,Grazer,Grazer,Connochaetes taurinus,Alcelaphini,Tooth,M,Enamel,Robinson (2022),Robinson (2017)
Eastern Africa,Kenya,Athi-Kapiti,Lukenya Hill,GvJm 22 549,Occurrence F: C + Balk 195-200,-1.39,36.82,1522,1625,46000,26000,36000,Follows Robinson (2022),> 46-26 ka,Robinson (2022),Late Pleistocene,Fossil,1.5,1.5,-12.6,0.94,-3.2,NA,NA,NA,NA,Grazer,Grazer,Damaliscus hypsodon,Alcelaphini,Tooth,M,Enamel,Robinson (2022),Robinson (2017)
Eastern Africa,Kenya,Athi-Kapiti,Lukenya Hill,GvJm 22 498,Occurrence F: B 190-Balk,-1.39,36.82,1522,1625,46000,26000,36000,Follows Robinson (2022),> 46-26 ka,Robinson (2022),Late Pleistocene,Fossil,2.3,2.3,-11.8,0.99,-3.3,NA,NA,NA,NA,Grazer,Grazer,Alcelaphus buselaphus,Alcelaphini,Tooth,M,Enamel,Robinson (2022),Robinson (2017)
Eastern Africa,Kenya,Athi-Kapiti,Lukenya Hill,GvJm 22 509,Occurrence F: C + Balk 200-205,-1.39,36.82,1522,1625,46000,26000,36000,Follows Robinson (2022),> 46-26 ka,Robinson (2022),Late Pleistocene,Fossil,2.3,2.3,-11.8,0.99,-3.8,NA,NA,NA,NA,Grazer,Grazer,Alcelaphus buselaphus,Alcelaphini,Tooth,M,Enamel,Robinson (2022),Robinson (2017)
Eastern Africa,Kenya,Athi-Kapiti,Lukenya Hill,GvJm 22 519,Occurrence F: C + Balk 190-195,-1.39,36.82,1522,1625,46000,26000,36000,Follows Robinson (2022),> 46-26 ka,Robinson (2022),Late Pleistocene,Fossil,2.5,2.5,-11.6,1.01,-4.6,NA,NA,NA,NA,Grazer,Grazer,Alcelaphus buselaphus,Alcelaphini,Tooth,M,Enamel,Robinson (2022),Robinson (2017)
Eastern Africa,Kenya,Athi-Kapiti,Lukenya Hill,GvJm 22 433,Occurrence F: C + Balk 185-190,-1.39,36.82,1522,1625,46000,26000,36000,Follows Robinson (2022),> 46-26 ka,Robinson (2022),Late Pleistocene,Fossil,2.7,2.7,-11.4,1.02,-4.4,NA,NA,NA,NA,Grazer,Grazer,Damaliscus hypsodon,Alcelaphini,Tooth,M,Enamel,Robinson (2022),Robinson (2017)
Eastern Africa,Kenya,Athi-Kapiti,Lukenya Hill,GvJm 22 452,Occurrence F: A 170-180,-1.39,36.82,1522,1625,46000,26000,36000,Follows Robinson (2022),> 46-26 ka,Robinson (2022),Late Pleistocene,Fossil,3.5,3.5,-10.6,1.07,-1.2,NA,NA,NA,NA,Grazer,Grazer,Damaliscus hypsodon,Alcelaphini,Tooth,M,Enamel,Robinson (2022),Robinson (2017)
Eastern Africa,Kenya,Coastal,Panga ya Saidi,10747,Level: 6,-4.05,39.7,129,21,14500,14500,14500,Follows Robinson (2022),14.5 ka,Robinson (2022),Late Pleistocene,Fossil,-11.5,-11.5,-25.6,0.07,-4.2,NA,NA,NA,NA,Browser,Browser,Sylvicapra grimmia,Cephalophini,Tooth,Upper M1/M2,Enamel,Robinson (2022),Shipton et al. (2018)
Eastern Africa,Kenya,Coastal,Panga ya Saidi,1475,Level: 6,-4.05,39.7,129,21,14500,14500,14500,Follows Robinson (2022),14.5 ka,Robinson (2022),Late Pleistocene,Fossil,-10.3,-10.3,-24.4,0.15,-3.1,NA,NA,NA,NA,Browser,Browser,Cf. Sylvicapra grimmia,Cephalophini,Tooth,Lower MA3,Enamel,Robinson (2022),Shipton et al. (2018)
Eastern Africa,Kenya,Coastal,Panga ya Saidi,10628,Level: 8,-4.05,39.7,129,21,25000,20000,22500,Follows Robinson (2022),25-20 ka,Robinson (2022),Late Pleistocene,Fossil,0.2,0.2,-13.9,0.85,-1,NA,NA,NA,NA,Grazer,Grazer,Alcelaphus/Damaliscus,Alcelaphini,Tooth,Upper M,Enamel,Robinson (2022),Shipton et al. (2018)
Eastern Africa,Kenya,Coastal,Panga ya Saidi,11103,Level: 9,-4.05,39.7,129,21,33000,33000,33000,Follows Robinson (2022),33 ka,Robinson (2022),Late Pleistocene,Fossil,-10.6,-10.6,-24.7,0.13,-2.8,NA,NA,NA,NA,Browser,Browser,Sylvicapra grimmia,Cephalophini,Tooth,Lower M3,Enamel,Robinson (2022),Shipton et al. (2018)
Eastern Africa,Kenya,Coastal,Panga ya Saidi,11487,Level: 10,-4.05,39.7,129,21,48500,48500,48500,Follows Robinson (2022),48.5 ka,Robinson (2022),Late Pleistocene,Fossil,-10.2,-10.2,-24.3,0.15,-3.6,NA,NA,NA,NA,Browser,Browser,Cephalophini; small,Cephalophini,Tooth,Upper M2/M3,Enamel,Robinson (2022),Shipton et al. (2018)
Eastern Africa,Kenya,Coastal,Panga ya Saidi,1572,Level: 12,-4.05,39.7,129,21,48500,48500,48500,Follows Robinson (2022),48.5 ka,Robinson (2022),Late Pleistocene,Fossil,-6.8,-6.8,-20.9,0.38,-3.6,NA,NA,NA,NA,Mixed,Grazer,Bovid Size 3 Cf. Alcelaphini,Alcelaphini,Tooth,Upper M1/M2,Enamel,Robinson (2022),Shipton et al. (2018)
Eastern Africa,Kenya,Coastal,Panga ya Saidi,11368,Level: 11,-4.05,39.7,129,21,48500,48500,48500,Follows Robinson (2022),48.5 ka,Robinson (2022),Late Pleistocene,Fossil,-4.2,-4.2,-18.3,0.56,-1.6,NA,NA,NA,NA,Mixed,Grazer,Alcelaphus/Damaliscus,Alcelaphini,Tooth,Upper M3,Enamel,Robinson (2022),Shipton et al. (2018)
Eastern Africa,Kenya,Coastal,Panga ya Saidi,11461,Level: 10,-4.05,39.7,129,21,48500,48500,48500,Follows Robinson (2022),48.5 ka,Robinson (2022),Late Pleistocene,Fossil,-2.2,-2.2,-16.3,0.69,-1,NA,NA,NA,NA,Mixed,Grazer,Alcelaphus/Damaliscus,Alcelaphini,Tooth,Lower M1,Enamel,Robinson (2022),Shipton et al. (2018)
Eastern Africa,Kenya,Coastal,Panga ya Saidi,11369,Level: 11,-4.05,39.7,129,21,48500,48500,48500,Follows Robinson (2022),48.5 ka,Robinson (2022),Late Pleistocene,Fossil,-2.2,-2.2,-16.3,0.69,-1.3,NA,NA,NA,NA,Mixed,Grazer,Alcelaphus/Damaliscus,Alcelaphini,Tooth,Upper M,Enamel,Robinson (2022),Shipton et al. (2018)
Eastern Africa,Kenya,Coastal,Panga ya Saidi,10990,Level: 12,-4.05,39.7,129,21,48500,48500,48500,Follows Robinson (2022),48.5 ka,Robinson (2022),Late Pleistocene,Fossil,-0.9,-0.9,-15,0.78,-1.2,NA,NA,NA,NA,Grazer,Grazer,Connochaetes taurinus,Alcelaphini,Tooth,Upper M3,Enamel,Robinson (2022),Shipton et al. (2018)
Eastern Africa,Kenya,Coastal,Panga ya Saidi,11370,Level: 11,-4.05,39.7,129,21,48500,48500,48500,Follows Robinson (2022),48.5 ka,Robinson (2022),Late Pleistocene,Fossil,1.1,1.1,-13,0.91,-1.9,NA,NA,NA,NA,Grazer,Grazer,Alcelaphus/Damaliscus,Alcelaphini,Tooth,Upper M,Enamel,Robinson (2022),Shipton et al. (2018)
Eastern Africa,Kenya,Coastal,Panga ya Saidi,11515,Level: 10,-4.05,39.7,129,21,48500,48500,48500,Follows Robinson (2022),48.5 ka,Robinson (2022),Late Pleistocene,Fossil,1.6,1.6,-12.5,0.95,-0.5,NA,NA,NA,NA,Grazer,Grazer,Alcelaphus/Damaliscus,Alcelaphini,Tooth,Lower M1/M2,Enamel,Robinson (2022),Shipton et al. (2018)
Eastern Africa,Kenya,Coastal,Panga ya Saidi,11346,Level: 11,-4.05,39.7,129,21,48500,48500,48500,Follows Robinson (2022),48.5 ka,Robinson (2022),Late Pleistocene,Fossil,1.9,1.9,-12.2,0.97,-0.6,NA,NA,NA,NA,Grazer,Grazer,Bovid Size 3 Cf. Alcelaphini,Alcelaphini,Tooth,Upper M1/M2,Enamel,Robinson (2022),Shipton et al. (2018)
Eastern Africa,Kenya,Coastal,Panga ya Saidi,11425,Level: 11,-4.05,39.7,129,21,48500,48500,48500,Follows Robinson (2022),48.5 ka,Robinson (2022),Late Pleistocene,Fossil,2.7,2.7,-11.4,1.02,-1.7,NA,NA,NA,NA,Grazer,Grazer,Alcelaphus/Damaliscus,Alcelaphini,Tooth,Lower M3,Enamel,Robinson (2022),Shipton et al. (2018)
Eastern Africa,Kenya,Coastal,Panga ya Saidi,11329,Level: 11,-4.05,39.7,129,21,48500,48500,48500,Follows Robinson (2022),48.5 ka,Robinson (2022),Late Pleistocene,Fossil,3.4,3.4,-10.7,1.07,-0.7,NA,NA,NA,NA,Grazer,Grazer,Alcelaphus/Damaliscus,Alcelaphini,Tooth,Lower M3,Enamel,Robinson (2022),Shipton et al. (2018)
Eastern Africa,Kenya,Coastal,Panga ya Saidi,13426,Level: 14,-4.05,39.7,129,21,68000,60000,64000,Follows Robinson (2022),68-60 ka,Robinson (2022),Late Pleistocene,Fossil,-12.5,-12.5,-26.6,0,-5.4,NA,NA,NA,NA,Browser,Browser,Cf. Sylvicapra grimmia,Cephalophini,Tooth,Lower M2,Enamel,Robinson (2022),Shipton et al. (2018)
Eastern Africa,Kenya,Coastal,Panga ya Saidi,1586,Level: 15,-4.05,39.7,129,21,68000,60000,64000,Follows Robinson (2022),68-60 ka,Robinson (2022),Late Pleistocene,Fossil,-12.5,-12.5,-26.6,0,-2.2,NA,NA,NA,NA,Browser,Browser,Cf. Sylvicapra grimmia,Cephalophini,Tooth,Upper M,Enamel,Robinson (2022),Shipton et al. (2018)
Eastern Africa,Kenya,Coastal,Panga ya Saidi,1585,Level: 15,-4.05,39.7,129,21,68000,60000,64000,Follows Robinson (2022),68-60 ka,Robinson (2022),Late Pleistocene,Fossil,-11.7,-11.7,-25.8,0.05,-3.7,NA,NA,NA,NA,Browser,Browser,Cf. Sylvicapra grimmia,Cephalophini,Tooth,Upper M,Enamel,Robinson (2022),Shipton et al. (2018)
Eastern Africa,Kenya,Coastal,Panga ya Saidi,11311,Level: 17,-4.05,39.7,129,21,78000,73000,75500,Follows Robinson (2022),78-73 ka,Robinson (2022),Late Pleistocene,Fossil,-12.7,-12.7,-26.8,-0.01,-3.4,NA,NA,NA,NA,Browser,Browser,Cf. Sylvicapra grimmia,Cephalophini,Tooth,Upper M2,Enamel,Robinson (2022),Shipton et al. (2018)
Eastern Africa,Kenya,Coastal,Panga ya Saidi,1614,Level: 17,-4.05,39.7,129,21,78000,73000,75500,Follows Robinson (2022),78-73 ka,Robinson (2022),Late Pleistocene,Fossil,-9,-9,-23.1,0.23,-1.5,NA,NA,NA,NA,Browser,Browser,Cf. Sylvicapra grimmia,Cephalophini,Tooth,Lower P3,Enamel,Robinson (2022),Shipton et al. (2018)
Eastern Africa,Kenya,Lake Victoria,Karungu,KAR13-42,NA,-0.84,34.16,1148,1151,94000,45000,69500,Follows Faith et al. (2015),94-45 ka,Faith et al. (2015),Late Pleistocene,Fossil,-0.5,-0.5,-14.6,0.81,-0.9,NA,NA,NA,NA,Grazer,Grazer,cf. Rusingoryx atopocranion,Alcelaphini,Tooth,Not published,Enamel,Robinson (2022),Faith et al. (2015)
Eastern Africa,Kenya,Lake Victoria,Karungu,KAR13-81,NA,-0.84,34.16,1148,1151,94000,45000,69500,Follows Faith et al. (2015),94-45 ka,Faith et al. (2015),Late Pleistocene,Fossil,0.7,0.7,-13.4,0.89,-1.2,NA,NA,NA,NA,Grazer,Grazer,cf. Rusingoryx atopocranion,Alcelaphini,Tooth,Not published,Enamel,Robinson (2022),Faith et al. (2015)
Eastern Africa,Kenya,Lake Victoria,Karungu,KAR13-32,NA,-0.84,34.16,1148,1151,94000,45000,69500,Follows Faith et al. (2015),94-45 ka,Faith et al. (2015),Late Pleistocene,Fossil,1.1,1.1,-13,0.91,0.8,NA,NA,NA,NA,Grazer,Grazer,cf. Rusingoryx atopocranion,Alcelaphini,Tooth,Not published,Enamel,Robinson (2022),Faith et al. (2015)
Eastern Africa,Kenya,Lake Victoria,Karungu,KAR13-47,NA,-0.84,34.16,1148,1151,94000,45000,69500,Follows Faith et al. (2015),94-45 ka,Faith et al. (2015),Late Pleistocene,Fossil,1.7,1.7,-12.4,0.95,-2.6,NA,NA,NA,NA,Grazer,Grazer,Alcelaphini indet.,Alcelaphini,Tooth,Not published,Enamel,Robinson (2022),Faith et al. (2015)
Eastern Africa,Kenya,Lake Victoria,Karungu,KAR13-76,NA,-0.84,34.16,1148,1151,94000,45000,69500,Follows Faith et al. (2015),94-45 ka,Faith et al. (2015),Late Pleistocene,Fossil,1.9,1.9,-12.2,0.97,-1.3,NA,NA,NA,NA,Grazer,Grazer,cf. Alcelaphus buselaphus,Alcelaphini,Tooth,Not published,Enamel,Robinson (2022),Faith et al. (2015)
Eastern Africa,Kenya,Lake Victoria,Karungu,KAR13-76,NA,-0.84,34.16,1148,1151,94000,45000,69500,Follows Faith et al. (2015),94-45 ka,Faith et al. (2015),Late Pleistocene,Fossil,2.1,2.1,-12,0.98,-0.2,NA,NA,NA,NA,Grazer,Grazer,cf. Alcelaphus buselaphus,Alcelaphini,Tooth,Not published,Enamel,Robinson (2022),Faith et al. (2015)
Eastern Africa,Kenya,Lake Victoria,Karungu,KAR13-175,NA,-0.84,34.16,1148,1151,94000,45000,69500,Follows Faith et al. (2015),94-45 ka,Faith et al. (2015),Late Pleistocene,Fossil,2.2,2.2,-11.9,0.99,-0.7,NA,NA,NA,NA,Grazer,Grazer,Damaliscus hypsodon,Alcelaphini,Tooth,Not published,Enamel,Robinson (2022),Faith et al. (2015)
Eastern Africa,Kenya,Lake Victoria,Karungu,KAR13-173,NA,-0.84,34.16,1148,1151,94000,45000,69500,Follows Faith et al. (2015),94-45 ka,Faith et al. (2015),Late Pleistocene,Fossil,2.4,2.4,-11.7,1,1.8,NA,NA,NA,NA,Grazer,Grazer,Alcelaphini indet.,Alcelaphini,Tooth,Not published,Enamel,Robinson (2022),Faith et al. (2015)
Eastern Africa,Kenya,Lake Victoria,Karungu,KAR13-172,NA,-0.84,34.16,1148,1151,94000,45000,69500,Follows Faith et al. (2015),94-45 ka,Faith et al. (2015),Late Pleistocene,Fossil,2.5,2.5,-11.6,1.01,0.1,NA,NA,NA,NA,Grazer,Grazer,Damaliscus hypsodon,Alcelaphini,Tooth,Not published,Enamel,Robinson (2022),Faith et al. (2015)
Eastern Africa,Kenya,Lake Victoria,Karungu,KAR13-176,NA,-0.84,34.16,1148,1151,94000,45000,69500,Follows Faith et al. (2015),94-45 ka,Faith et al. (2015),Late Pleistocene,Fossil,2.7,2.7,-11.4,1.02,0.7,NA,NA,NA,NA,Grazer,Grazer,Damaliscus hypsodon,Alcelaphini,Tooth,Not published,Enamel,Robinson (2022),Faith et al. (2015)
Eastern Africa,Kenya,Lake Victoria,Karungu,KAR13-137,NA,-0.84,34.16,1148,1151,94000,45000,69500,Follows Faith et al. (2015),94-45 ka,Faith et al. (2015),Late Pleistocene,Fossil,2.7,2.7,-11.4,1.02,0.1,NA,NA,NA,NA,Grazer,Grazer,Damaliscus hypsodon,Alcelaphini,Tooth,Not published,Enamel,Robinson (2022),Faith et al. (2015)
Eastern Africa,Kenya,Lake Victoria,Rusinga and Mfangano Islands,MFP10?75,Kakrigu,-0.4,34.18,1225,1225,100000,45000,72500,Follows Robinson (2022),100-45 ka,Robinson (2022),Late Pleistocene,Fossil,0.8,0.8,-13.3,0.89,0.5,NA,NA,NA,NA,Grazer,Grazer,Rusingoryx atopocranion,Alcelaphini,Tooth,Lower Right M3,Enamel,Robinson (2022),Garrett et al. (2015)
Eastern Africa,Kenya,Lake Victoria,Rusinga and Mfangano Islands,MFP10?06,Mfangano; no locality,-0.4,34.18,1225,1225,100000,45000,72500,Follows Robinson (2022),100-45 ka,Robinson (2022),Late Pleistocene,Fossil,1.3,1.3,-12.8,0.93,0.3,NA,NA,NA,NA,Grazer,Grazer,Connochaetes taurinus,Alcelaphini,Tooth,Lower M,Enamel,Robinson (2022),Garrett et al. (2015)
Eastern Africa,Kenya,Lake Victoria,Rusinga and Mfangano Islands,MFP10?04,Mfangano; no locality,-0.4,34.18,1225,1225,100000,45000,72500,Follows Robinson (2022),100-45 ka,Robinson (2022),Late Pleistocene,Fossil,2.8,2.8,-11.3,1.03,0.9,NA,NA,NA,NA,Grazer,Grazer,Damaliscus hypsodon,Alcelaphini,Tooth,Lower Right M3,Enamel,Robinson (2022),Garrett et al. (2015)
Eastern Africa,Kenya,Lake Victoria,Rusinga and Mfangano Islands,RUP10?48,Nyamita,-0.4,34.18,1225,1225,100000,45000,72500,Follows Robinson (2022),100-45 ka,Robinson (2022),Late Pleistocene,Fossil,-4.9,-4.9,-19,0.51,0.6,NA,NA,NA,NA,Mixed,Grazer,Damaliscus hypsodon,Alcelaphini,Tooth,Lower Right M3,Enamel,Robinson (2022),Garrett et al. (2015)
Eastern Africa,Kenya,Lake Victoria,Rusinga and Mfangano Islands,RUP10?395,Nyamita,-0.4,34.18,1225,1225,100000,45000,72500,Follows Robinson (2022),100-45 ka,Robinson (2022),Late Pleistocene,Fossil,-1.7,-1.7,-15.8,0.72,-0.5,NA,NA,NA,NA,Mixed,Grazer,Damaliscus hypsodon,Alcelaphini,Tooth,Upper Left M2,Enamel,Robinson (2022),Garrett et al. (2015)
Eastern Africa,Kenya,Lake Victoria,Rusinga and Mfangano Islands,RUP10?343,Nyamita,-0.4,34.18,1225,1225,100000,45000,72500,Follows Robinson (2022),100-45 ka,Robinson (2022),Late Pleistocene,Fossil,0.9,0.9,-13.2,0.9,0.1,NA,NA,NA,NA,Grazer,Grazer,Rusingoryx atopocranion,Alcelaphini,Tooth,Upper Right M1,Enamel,Robinson (2022),Garrett et al. (2015)
Eastern Africa,Kenya,Lake Victoria,Rusinga and Mfangano Islands,RUP10?332,Nyamita,-0.4,34.18,1225,1225,100000,45000,72500,Follows Robinson (2022),100-45 ka,Robinson (2022),Late Pleistocene,Fossil,1.7,1.7,-12.4,0.95,1.2,NA,NA,NA,NA,Grazer,Grazer,Megalotragus sp.,Alcelaphini,Tooth,Lower Left M1/M2,Enamel,Robinson (2022),Garrett et al. (2015)
Eastern Africa,Kenya,Lake Victoria,Rusinga and Mfangano Islands,RUP10?50,Nyamita,-0.4,34.18,1225,1225,100000,45000,72500,Follows Robinson (2022),100-45 ka,Robinson (2022),Late Pleistocene,Fossil,1.7,1.7,-12.4,0.95,1.3,NA,NA,NA,NA,Grazer,Grazer,Damaliscus hypsodon,Alcelaphini,Tooth,Upper M,Enamel,Robinson (2022),Garrett et al. (2015)
Eastern Africa,Kenya,Lake Victoria,Rusinga and Mfangano Islands,RUP10?34,Nyamita,-0.4,34.18,1225,1225,100000,45000,72500,Follows Robinson (2022),100-45 ka,Robinson (2022),Late Pleistocene,Fossil,2.1,2.1,-12,0.98,1.4,NA,NA,NA,NA,Grazer,Grazer,Damaliscus hypsodon,Alcelaphini,Tooth,Lower Right M3,Enamel,Robinson (2022),Garrett et al. (2015)
Eastern Africa,Kenya,Lake Victoria,Rusinga and Mfangano Islands,RUP10?335,Nyamita,-0.4,34.18,1225,1225,100000,45000,72500,Follows Robinson (2022),100-45 ka,Robinson (2022),Late Pleistocene,Fossil,2.2,2.2,-11.9,0.99,2.4,NA,NA,NA,NA,Grazer,Grazer,Damaliscus hypsodon,Alcelaphini,Tooth,Upper Left M1/M2,Enamel,Robinson (2022),Garrett et al. (2015)
Eastern Africa,Kenya,Lake Victoria,Rusinga and Mfangano Islands,RU2008?248,Nyamita,-0.4,34.18,1225,1225,100000,45000,72500,Follows Robinson (2022),100-45 ka,Robinson (2022),Late Pleistocene,Fossil,3.4,3.4,-10.7,1.07,0.5,NA,NA,NA,NA,Grazer,Grazer,Connochaetes taurinus,Alcelaphini,Tooth,Lower Right M3,Enamel,Robinson (2022),Garrett et al. (2015)
Eastern Africa,Kenya,Lake Victoria,Rusinga and Mfangano Islands,RUP10?329,Nyamita,-0.4,34.18,1225,1225,100000,45000,72500,Follows Robinson (2022),100-45 ka,Robinson (2022),Late Pleistocene,Fossil,3.4,3.4,-10.7,1.07,-0.4,NA,NA,NA,NA,Grazer,Grazer,Damaliscus hypsodon,Alcelaphini,Tooth,Lower Right M,Enamel,Robinson (2022),Garrett et al. (2015)
Eastern Africa,Kenya,Lake Victoria,Rusinga and Mfangano Islands,RUP10?435,Nyamsingula,-0.4,34.18,1225,1225,100000,45000,72500,Follows Robinson (2022),100-45 ka,Robinson (2022),Late Pleistocene,Fossil,-4.4,-4.4,-18.5,0.54,-3.4,NA,NA,NA,NA,Mixed,Grazer,Rusingoryx atopocranion,Alcelaphini,Tooth,Upper Right M1,Enamel,Robinson (2022),Garrett et al. (2015)
Eastern Africa,Kenya,Lake Victoria,Rusinga and Mfangano Islands,RUP10?240,Nyamsingula,-0.4,34.18,1225,1225,100000,45000,72500,Follows Robinson (2022),100-45 ka,Robinson (2022),Late Pleistocene,Fossil,0.9,0.9,-13.2,0.9,-0.6,NA,NA,NA,NA,Grazer,Grazer,Rusingoryx atopocranion,Alcelaphini,Tooth,Lower Right M3,Enamel,Robinson (2022),Garrett et al. (2015)
Eastern Africa,Kenya,Lake Victoria,Rusinga and Mfangano Islands,RUP10?122,Nyamsingula,-0.4,34.18,1225,1225,100000,45000,72500,Follows Robinson (2022),100-45 ka,Robinson (2022),Late Pleistocene,Fossil,1.1,1.1,-13,0.91,0.5,NA,NA,NA,NA,Grazer,Grazer,Connochaetes taurinus,Alcelaphini,Tooth,Lower Left M3,Enamel,Robinson (2022),Garrett et al. (2015)
Eastern Africa,Kenya,Lake Victoria,Rusinga and Mfangano Islands,RU2007?361,Nyamsingula,-0.4,34.18,1225,1225,100000,45000,72500,Follows Robinson (2022),100-45 ka,Robinson (2022),Late Pleistocene,Fossil,1.1,1.1,-13,0.91,0.6,NA,NA,NA,NA,Grazer,Grazer,Megalotragus sp.,Alcelaphini,Tooth,Lower M,Enamel,Robinson (2022),Garrett et al. (2015)
Eastern Africa,Kenya,Lake Victoria,Rusinga and Mfangano Islands,RUP2007?364,Nyamsingula,-0.4,34.18,1225,1225,100000,45000,72500,Follows Robinson (2022),100-45 ka,Robinson (2022),Late Pleistocene,Fossil,1.2,1.2,-12.9,0.92,0.3,NA,NA,NA,NA,Grazer,Grazer,Rusingoryx atopocranion,Alcelaphini,Tooth,Upper M,Enamel,Robinson (2022),Garrett et al. (2015)
Eastern Africa,Kenya,Lake Victoria,Rusinga and Mfangano Islands,RUP10?211,Nyamsingula,-0.4,34.18,1225,1225,100000,45000,72500,Follows Robinson (2022),100-45 ka,Robinson (2022),Late Pleistocene,Fossil,2.2,2.2,-11.9,0.99,0.2,NA,NA,NA,NA,Grazer,Grazer,Connochaetes taurinus,Alcelaphini,Tooth,Upper Right M,Enamel,Robinson (2022),Garrett et al. (2015)
Eastern Africa,Kenya,Lake Victoria,Rusinga and Mfangano Islands,RUP10?121,Nyamsingula,-0.4,34.18,1225,1225,100000,45000,72500,Follows Robinson (2022),100-45 ka,Robinson (2022),Late Pleistocene,Fossil,2.4,2.4,-11.7,1,2.7,NA,NA,NA,NA,Grazer,Grazer,Connochaetes taurinus,Alcelaphini,Tooth,Lower Left M3,Enamel,Robinson (2022),Garrett et al. (2015)
Eastern Africa,Kenya,Lake Victoria,Rusinga and Mfangano Islands,RUP10?139,Nyamsingula,-0.4,34.18,1225,1225,100000,45000,72500,Follows Robinson (2022),100-45 ka,Robinson (2022),Late Pleistocene,Fossil,2.5,2.5,-11.6,1.01,1.2,NA,NA,NA,NA,Grazer,Grazer,Damaliscus hypsodon,Alcelaphini,Tooth,Lower Right M,Enamel,Robinson (2022),Garrett et al. (2015)
Eastern Africa,Kenya,Lake Victoria,Rusinga and Mfangano Islands,RU2007?421,Nyamsingula,-0.4,34.18,1225,1225,100000,45000,72500,Follows Robinson (2022),100-45 ka,Robinson (2022),Late Pleistocene,Fossil,2.5,2.5,-11.6,1.01,3.2,NA,NA,NA,NA,Grazer,Grazer,Connochaetes taurinus,Alcelaphini,Tooth,Lower Left M3,Enamel,Robinson (2022),Garrett et al. (2015)
Eastern Africa,Kenya,Lake Victoria,Rusinga and Mfangano Islands,RU2006?433,Nyamsingula,-0.4,34.18,1225,1225,100000,45000,72500,Follows Robinson (2022),100-45 ka,Robinson (2022),Late Pleistocene,Fossil,3,3,-11.1,1.04,1.2,NA,NA,NA,NA,Grazer,Grazer,Damaliscus hypsodon,Alcelaphini,Tooth,Lower Right M3,Enamel,Robinson (2022),Garrett et al. (2015)
Eastern Africa,Kenya,Lake Victoria,Rusinga and Mfangano Islands,RUP10?303,Wakondo,-0.4,34.18,1225,1225,100000,45000,72500,Follows Robinson (2022),100-45 ka,Robinson (2022),Late Pleistocene,Fossil,0.9,0.9,-13.2,0.9,0.5,NA,NA,NA,NA,Grazer,Grazer,Rusingoryx atopocranion,Alcelaphini,Tooth,Lower Left M1,Enamel,Robinson (2022),Garrett et al. (2015)
Eastern Africa,Kenya,Lake Victoria,Rusinga and Mfangano Islands,RUW?1A,Wakondo,-0.4,34.18,1225,1225,100000,45000,72500,Follows Robinson (2022),100-45 ka,Robinson (2022),Late Pleistocene,Fossil,1,1,-13.1,0.91,0.2,NA,NA,NA,NA,Grazer,Grazer,Rusingoryx atopocranion,Alcelaphini,Tooth,Upper M,Enamel,Robinson (2022),Garrett et al. (2015)
Eastern Africa,Kenya,Lake Victoria,Rusinga and Mfangano Islands,RUP10?412,Wakondo,-0.4,34.18,1225,1225,100000,45000,72500,Follows Robinson (2022),100-45 ka,Robinson (2022),Late Pleistocene,Fossil,1.5,1.5,-12.6,0.94,0.3,NA,NA,NA,NA,Grazer,Grazer,Rusingoryx atopocranion,Alcelaphini,Tooth,Lower M,Enamel,Robinson (2022),Garrett et al. (2015)
Eastern Africa,Kenya,Lake Victoria,Rusinga and Mfangano Islands,RUP10?406,Wakondo,-0.4,34.18,1225,1225,100000,45000,72500,Follows Robinson (2022),100-45 ka,Robinson (2022),Late Pleistocene,Fossil,2.3,2.3,-11.8,0.99,1.2,NA,NA,NA,NA,Grazer,Grazer,Rusingoryx atopocranion,Alcelaphini,Tooth,Lower Left M1,Enamel,Robinson (2022),Garrett et al. (2015)
Eastern Africa,Kenya,Lake Victoria,Rusinga and Mfangano Islands,1,Waregi,-0.4,34.18,1225,1225,100000,45000,72500,Follows Robinson (2022),100-45 ka,Robinson (2022),Late Pleistocene,Fossil,2.8,2.8,-11.3,1.03,2.7,NA,NA,NA,NA,Grazer,Grazer,Connochaetes taurinus,Alcelaphini,Tooth,Upper Left M2,Enamel,Robinson (2022),Garrett et al. (2015)
Eastern Africa,Kenya,Lake Victoria,Rusinga and Mfangano Islands,RU2009?3,NA,-0.4,34.18,1225,1225,100000,45000,72500,Follows Robinson (2022),100-45 ka,Robinson (2022),Late Pleistocene,Fossil,1.9,1.9,-12.2,0.97,-0.4,NA,NA,NA,NA,Grazer,Grazer,Megalotragus sp.,Alcelaphini,Tooth,M,Enamel,Robinson (2022),Garrett et al. (2015)
Eastern Africa,Kenya,Lake Victoria,Rusinga and Mfangano Islands,RUP10?47,NA,-0.4,34.18,1225,1225,100000,45000,72500,Follows Robinson (2022),100-45 ka,Robinson (2022),Late Pleistocene,Fossil,2.5,2.5,-11.6,1.01,0.2,NA,NA,NA,NA,Grazer,Grazer,Rusingoryx atopocranion,Alcelaphini,Tooth,Upper Right M2,Enamel,Robinson (2022),Garrett et al. (2015)
,,,,,,,,,,,,,,,,,,,,,,,,,,,,,,,,,,,
"*Correction used for Fossil936 was +10 as calculated by Codron et al. (2018) Table 1 for C. taurinus, while for the giant root-rats, the mean for non-ruminant herbivores from Codron et al. (2018) was used (+8.4). Corrections were only applied to measurements from collagen samples (see column Material_fraction)",,,,,,,,,,,,,,,,,,,,,,,,,,,,,,,,,,,
,,,,,,,,,,,,,,,,,,,,,,,,,,,,,,,,,,,
References,,,,,,,,,,,,,,,,,,,,,,,,,,,,,,,,,,,
"Faith, J.T., Tryon, C.A., Peppe, D.J., Beverly, E.J., Blegen, N., Blumenthal, S., Chritz, K.L., Driese, S.G., Patterson, D. (2015). Paleoenvironmental context of the Middle Stone Age record from Karungu, Lake Victoria Basin, Kenya, and its implications for human and faunal dispersals in East Africa. Journal of Human Evolution, 83: 28-45.",,,,,,,,,,,,,,,,,,,,,,,,,,,,,,,,,,,
"Garrett, N., Fox, D., McNulty, K., Faith, J.T., Peppe, D.J., Van Plantinga, A., Tryon, C.A. (2015). Stable isotope paleoecology of Late Pleistocene Middle Stone Age humans from the Lake Victoria basin, Kenya. Journal of Human Evolution, 82: 1-14.",,,,,,,,,,,,,,,,,,,,,,,,,,,,,,,,,,,
"Ossendorf, G., Tekelemariam, M. G., Lesur, J., & Vogelsang, R. (2023). Fincha Habera, Ethiopia. In A. Beyin, D. K. Wright, J. Wilkins, & D. I. Olszewski (Eds.), Handbook of Pleistocene Archaeology of Africa : Hominin behavior, geography, and chronology (pp. 315-325). Springer International Publishing. https://doi.org/10.1007/978-3-031-20290-2_18",,,,,,,,,,,,,,,,,,,,,,,,,,,,,,,,,,,
"Reuber et al. (2026) Ancient biomolecular analysis of giant root-rat archaeofaunal remains from Fincha Habera, Ethiopia, elucidates the residency and resource use of high-altitude Middle Stone Age foragers. In prep.",,,,,,,,,,,,,,,,,,,,,,,,,,,,,,,,,,,
"Robinson, J. R. (2022). Investigating habitat heterogeneity of Late Pleistocene archaeological sites in eastern Africa from stable isotopes. Historical Biology, 34(4), 674-693. https://doi.org/10.1080/08912963.2021.1942465",,,,,,,,,,,,,,,,,,,,,,,,,,,,,,,,,,,
"Robinson, J. R. (2023). A Context for Connectivity: Insights to Environmental Heterogeneity in the Late Pleistocene and Holocene of Southern Africa Through Measuring Isotope Space and Overlap. Journal of Paleolithic Archaeology, 6(1), 34. https://doi.org/10.1007/s41982-023-00160-0",,,,,,,,,,,,,,,,,,,,,,,,,,,,,,,,,,,
"Robinson, J.R. (2017). Thinking locally: Environmental reconstruction of Middle and Later Stone Age archaeological sites in Ethiopia, Kenya, and Zambia based on ungulate stable isotopes. Journal of Human Evolution, 106: 19-37.",,,,,,,,,,,,,,,,,,,,,,,,,,,,,,,,,,,
"Robinson, J.R., Rowan, J., Faith, J.T., Fleagle, J.G. (2016). Paleoenvironmental change in the late middle Pleistocene–Holocene Kibish Formation, southern Ethiopia: Evidence from ungulate isotopic ecology. Palaeogeography, Palaeoclimatology, Palaeoecology, 450: 50-59.",,,,,,,,,,,,,,,,,,,,,,,,,,,,,,,,,,,
"Shipton, C., Roberts, P., Archer, W., Armitage, S.J., Bita, C., Blinkhorn, J., Courtney-Mustaphi, C., Crowther, A., Curtis, R., d’Errico, F., Douka, K. (2018). 78,000-year-old record of Middle and Later stone age innovation in an East African tropical forest. Nature Communications, 9: 1832.",,,,,,,,,,,,,,,,,,,,,,,,,,,,,,,,,,,
