SRR,mean_het,Subspecies_common
SRR27955210,5.32E-04,Black
SRR27955211,5.23E-04,Eastern white-bearded
SRR27955212,5.12E-04,Eastern white-bearded
SRR27955214,5.13E-04,Eastern white-bearded
SRR27955215,5.23E-04,Eastern white-bearded
SRR27955216,5.17E-04,Eastern white-bearded
SRR27955218,5.45E-04,Eastern white-bearded
SRR27955219,5.35E-04,Eastern white-bearded
SRR27955222,6.56E-04,Brindled
SRR27955223,6.55E-04,Brindled
SRR27955224,6.55E-04,Brindled
SRR27955225,6.46E-04,Brindled
SRR27955227,6.23E-04,Brindled
SRR27955228,4.65E-04,Eastern white-bearded
SRR27955229,4.49E-04,Eastern white-bearded
SRR27955230,4.50E-04,Eastern white-bearded
SRR27955231,4.60E-04,Eastern white-bearded
SRR27955233,4.65E-04,Eastern white-bearded
SRR27955234,4.66E-04,Eastern white-bearded
SRR27955235,4.62E-04,Eastern white-bearded
SRR27955236,4.66E-04,Eastern white-bearded
SRR27955237,4.47E-04,Eastern white-bearded
SRR27955238,4.55E-04,Eastern white-bearded
SRR27955239,5.65E-04,Western white-bearded
SRR27955240,5.82E-04,Western white-bearded
SRR27955241,5.79E-04,Western white-bearded
SRR27955244,4.26E-04,Nyassa
SRR27955245,4.48E-04,Nyassa
SRR27955246,4.47E-04,Nyassa
SRR27955247,4.65E-04,Nyassa
SRR27955248,4.35E-04,Nyassa
SRR27955250,5.86E-04,Western white-bearded
SRR27955251,5.94E-04,Western white-bearded
SRR27955252,5.04E-04,Black
SRR27955253,5.91E-04,Western white-bearded
SRR27955254,5.94E-04,Western white-bearded
SRR27955255,5.75E-04,Western white-bearded
SRR27955256,5.80E-04,Western white-bearded
SRR27955257,5.97E-04,Western white-bearded
SRR27955258,5.74E-04,Western white-bearded
SRR27955259,5.83E-04,Western white-bearded
SRR27955260,5.27E-04,Eastern white-bearded
SRR27955261,5.28E-04,Eastern white-bearded
SRR27955262,5.19E-04,Eastern white-bearded
SRR27955263,5.76E-04,Western white-bearded
SRR27955264,5.38E-04,Black
SRR27955265,5.84E-04,Western white-bearded
SRR27955266,5.80E-04,Western white-bearded
SRR27955267,5.86E-04,Western white-bearded
SRR27955268,5.76E-04,Western white-bearded
SRR27955269,5.74E-04,Western white-bearded
SRR27955270,5.80E-04,Western white-bearded
SRR27955271,4.91E-04,Eastern white-bearded
SRR27955272,4.99E-04,Eastern white-bearded
SRR27955273,4.99E-04,Eastern white-bearded
SRR27955274,5.05E-04,Eastern white-bearded
SRR27955275,5.17E-04,Black
SRR27955276,4.92E-04,Eastern white-bearded
SRR27955277,5.09E-04,Eastern white-bearded
SRR27955277_trim_Mut,5.28E-04,Eastern white-bearded
SRR27955278,4.85E-04,Eastern white-bearded
SRR27955279,5.02E-04,Eastern white-bearded
SRR27955280,4.93E-04,Eastern white-bearded
SRR27955286,5.02E-04,Black
SRR27955314,5.73E-04,Western white-bearded
SRR27955315,5.57E-04,Western white-bearded
SRR27955318,5.75E-04,Western white-bearded
SRR27955319,5.04E-04,Black
SRR27955320,5.90E-04,Western white-bearded
SRR27955322,5.71E-04,Western white-bearded
SRR27955324,5.81E-04,Western white-bearded
SRR27955325,5.95E-04,Western white-bearded
SRR27955326,5.85E-04,Western white-bearded
SRR27955327,6.36E-04,Western white-bearded
SRR27955330,5.15E-04,Black
SRR27955341,4.93E-04,Black
SRR27955347,4.53E-04,Cookson
SRR27955348,4.58E-04,Cookson
SRR27955349,4.69E-04,Cookson
SRR27955352,5.36E-04,Black
Fossil936,1.83E-04,Fossil936
Fossil936,0.000185815,Fossil936
Fossil936,0.000215478,Fossil936
Fossil936,0.000283795,Fossil936
Fossil936,0.000208428,Fossil936
Fossil936,0.000212048,Fossil936
Fossil936,0.000226638,Fossil936
Fossil936,0.00017961,Fossil936
Fossil936,0.000207419,Fossil936
Fossil936,0.000242352,Fossil936
Fossil936,0.000166218,Fossil936
Fossil936,0.000188582,Fossil936
Fossil936,0.000177912,Fossil936
Fossil936,0.000305108,Fossil936
Fossil936,0.000219649,Fossil936
Fossil936,0.000195974,Fossil936
Fossil936,0.000272573,Fossil936
Fossil936,0.000208096,Fossil936
Fossil936,0.000185994,Fossil936
Fossil936,0.000213257,Fossil936
Fossil936,0.000249101,Fossil936
Fossil936,0.000273283,Fossil936
Fossil936,0.000180626,Fossil936
Fossil936,0.00018023,Fossil936
Fossil936,0.000215778,Fossil936
Fossil936,0.000271728,Fossil936
Fossil936,0.000241294,Fossil936
Fossil936,0.000199514,Fossil936
Fossil936,0.000194634,Fossil936
Fossil936,0.000196264,Fossil936
Fossil936,0.000291074,Fossil936
Fossil936,0.000243633,Fossil936
Fossil936,0.000181979,Fossil936
Fossil936,0.00024806,Fossil936
Fossil936,0.000235947,Fossil936
Fossil936,0.000183934,Fossil936
Fossil936,0.000189043,Fossil936
Fossil936,0.000210342,Fossil936
Fossil936,0.000199818,Fossil936
Fossil936,0.000253367,Fossil936
Fossil936,0.000232997,Fossil936
Fossil936,0.000260352,Fossil936
Fossil936,0.000240003,Fossil936
Fossil936,0.000252506,Fossil936
Fossil936,0.000289298,Fossil936
Fossil936,0.000203261,Fossil936
Fossil936,0.000220344,Fossil936
Fossil936,0.000215736,Fossil936
Fossil936,0.000202686,Fossil936
Fossil936,0.000268469,Fossil936
Fossil936,0.000241499,Fossil936
Fossil936,0.000255214,Fossil936
Fossil936,0.000238021,Fossil936
Fossil936,0.000238879,Fossil936
Fossil936,0.000276412,Fossil936
Fossil936,0.000194303,Fossil936
Fossil936,0.000253682,Fossil936
Fossil936,0.000233915,Fossil936
Fossil936,0.000246189,Fossil936
Fossil936,0.000130052,Fossil936
Fossil936,0.000152637,Fossil936
Fossil936,0.000219024,Fossil936
Fossil936,0.000278089,Fossil936
Fossil936,0.000257636,Fossil936
Fossil936,0.000219664,Fossil936
Fossil936,0.000164682,Fossil936
Fossil936,0.000218484,Fossil936
Fossil936,0.000251864,Fossil936
Fossil936,0.000241489,Fossil936
Fossil936,0.000228496,Fossil936
Fossil936,0.000269256,Fossil936
Fossil936,0.000156168,Fossil936
Fossil936,0.000103385,Fossil936
Fossil936,0.000167352,Fossil936
Fossil936,0.000274327,Fossil936
Fossil936,0.000217533,Fossil936
Fossil936,0.000219153,Fossil936
Fossil936,0.000268491,Fossil936
Fossil936,0.000197438,Fossil936
Fossil936,0.000198888,Fossil936
Fossil936,0.000214288,Fossil936
Fossil936,0.000188869,Fossil936
Fossil936,0.000338742,Fossil936
Fossil936,0.000233782,Fossil936
Fossil936,0.000225185,Fossil936
Fossil936,0.000226881,Fossil936
Fossil936,0.000206227,Fossil936
Fossil936,7.69E-05,Fossil936
Fossil936,0.000269577,Fossil936
Fossil936,0.000193601,Fossil936
Fossil936,0.000161151,Fossil936
Fossil936,0.000154026,Fossil936
Fossil936,0.000184627,Fossil936
Fossil936,0.000268707,Fossil936
Fossil936,0.000233761,Fossil936
Fossil936,0.000213951,Fossil936
Fossil936,0.000211182,Fossil936
Fossil936,0.000222532,Fossil936
Fossil936,0.000185574,Fossil936
Fossil936,0.000228611,Fossil936
Fossil936,0.000133811,Fossil936
Fossil936,0.000101679,Fossil936
Fossil936,0.000107539,Fossil936
Fossil936,0.000207341,Fossil936
Fossil936,0.000216518,Fossil936
Fossil936,0.000224888,Fossil936
Fossil936,0.000303834,Fossil936
Fossil936,0.000262592,Fossil936
Fossil936,0.000231728,Fossil936
Fossil936,0.000204847,Fossil936
Fossil936,0.000225818,Fossil936
Fossil936,0.000208519,Fossil936
Fossil936,0.000252097,Fossil936
Fossil936,0.000274144,Fossil936
Fossil936,0.000250205,Fossil936
Fossil936,0.000230147,Fossil936
Fossil936,0.000229562,Fossil936
Fossil936,0.00020544,Fossil936
Fossil936,0.000273792,Fossil936
Fossil936,0.000250253,Fossil936
Fossil936,0.000236355,Fossil936
Fossil936,0.000225013,Fossil936
Fossil936,0.00024581,Fossil936
Fossil936,0.000224588,Fossil936
Fossil936,0.000232864,Fossil936
Fossil936,0.000218633,Fossil936
Fossil936,0.000152523,Fossil936
Fossil936,6.54E-05,Fossil936
Fossil936,8.77E-05,Fossil936
Fossil936,0.000249959,Fossil936
Fossil936,0.000275449,Fossil936
