SRR,mean_het,Subspecies_common
SRR27955210,5.316231669266007e-4,Black
SRR27955211,5.227284851734951e-4,Eastern white-bearded
SRR27955212,5.118585845098189e-4,Eastern white-bearded
SRR27955214,5.133462962487163e-4,Eastern white-bearded
SRR27955215,5.228952393644887e-4,Eastern white-bearded
SRR27955216,5.17251831080664e-4,Eastern white-bearded
SRR27955218,5.449413672748056e-4,Eastern white-bearded
SRR27955219,5.353369234829306e-4,Eastern white-bearded
SRR27955222,6.560074323386482e-4,Brindled
SRR27955223,6.554572594732605e-4,Brindled
SRR27955224,6.553296932457439e-4,Brindled
SRR27955225,6.459531198796226e-4,Brindled
SRR27955227,6.228552742884837e-4,Brindled
SRR27955228,4.652928240620269e-4,Eastern white-bearded
SRR27955229,4.491886314589913e-4,Eastern white-bearded
SRR27955230,4.498538923767565e-4,Eastern white-bearded
SRR27955231,4.599179413573344e-4,Eastern white-bearded
SRR27955233,4.6456109465380064e-4,Eastern white-bearded
SRR27955234,4.6634085832759616e-4,Eastern white-bearded
SRR27955235,4.615544765151106e-4,Eastern white-bearded
SRR27955236,4.656659979432743e-4,Eastern white-bearded
SRR27955237,4.471137951710916e-4,Eastern white-bearded
SRR27955238,4.550287345940562e-4,Eastern white-bearded
SRR27955239,5.65004341813028e-4,Western white-bearded
SRR27955240,5.817866363386616e-4,Western white-bearded
SRR27955241,5.789970119315253e-4,Western white-bearded
SRR27955244,4.257311450486387e-4,Nyassa
SRR27955245,4.4755202423871074e-4,Nyassa
SRR27955246,4.46628814172424e-4,Nyassa
SRR27955247,4.650572158552229e-4,Nyassa
SRR27955248,4.3455935858361614e-4,Nyassa
SRR27955250,5.858092161975148e-4,Western white-bearded
SRR27955251,5.939263841462166e-4,Western white-bearded
SRR27955252,5.039317571897204e-4,Black
SRR27955253,5.914225394477117e-4,Western white-bearded
SRR27955254,5.943486703753225e-4,Western white-bearded
SRR27955255,5.746432330067567e-4,Western white-bearded
SRR27955256,5.7954560485028e-4,Western white-bearded
SRR27955257,5.967912471887434e-4,Western white-bearded
SRR27955258,5.736675449088384e-4,Western white-bearded
SRR27955259,5.832622830432903e-4,Western white-bearded
SRR27955260,5.272513445191393e-4,Eastern white-bearded
SRR27955261,5.280773834190698e-4,Eastern white-bearded
SRR27955262,5.192006822134853e-4,Eastern white-bearded
SRR27955263,5.761145491246563e-4,Western white-bearded
SRR27955264,5.381569088574985e-4,Black
SRR27955265,5.836310672380835e-4,Western white-bearded
SRR27955266,5.798840013949755e-4,Western white-bearded
SRR27955267,5.862549856358865e-4,Western white-bearded
SRR27955268,5.759778725708867e-4,Western white-bearded
SRR27955269,5.740794909917516e-4,Western white-bearded
SRR27955270,5.798939200186824e-4,Western white-bearded
SRR27955271,4.905976956810722e-4,Eastern white-bearded
SRR27955272,4.990016100511385e-4,Eastern white-bearded
SRR27955273,4.989826271088368e-4,Eastern white-bearded
SRR27955274,5.049566980231687e-4,Eastern white-bearded
SRR27955275,5.174970318910636e-4,Black
SRR27955276,4.922788763879303e-4,Eastern white-bearded
SRR27955277,5.090512284099954e-4,Eastern white-bearded
SRR27955278,4.854719650393841e-4,Eastern white-bearded
SRR27955279,5.02101608685029e-4,Eastern white-bearded
SRR27955280,4.930605535367913e-4,Eastern white-bearded
SRR27955286,5.019690640866057e-4,Black
SRR27955314,5.729914363600019e-4,Western white-bearded
SRR27955315,5.568883078659083e-4,Western white-bearded
SRR27955318,5.749922242470427e-4,Western white-bearded
SRR27955319,5.03810597508681e-4,Black
SRR27955320,5.902383005551807e-4,Western white-bearded
SRR27955322,5.712942608282167e-4,Western white-bearded
SRR27955324,5.809547404614096e-4,Western white-bearded
SRR27955325,5.947035539869609e-4,Western white-bearded
SRR27955326,5.850048972190747e-4,Western white-bearded
SRR27955327,6.36242107348176e-4,Western white-bearded
SRR27955330,5.152755490760416e-4,Black
SRR27955341,4.92663508761329e-4,Black
SRR27955347,4.5313299868746543e-4,Cookson
SRR27955348,4.5827579333610006e-4,Cookson
SRR27955349,4.6910378985641726e-4,Cookson
SRR27955352,5.357379219341559e-4,Black
