Biogeographic_region,Country,Region,Site,Rainfall_zone,Collection_designation,Stratigraphic_information_Site_component,Latitude,Longitude,Elevation_m_literature,Elevation_m_DEM,Age_upper,Age_lower,Age_mid,Age_source,Approximate_age,Geological_age_bin,Age_status,delta13C,delta13C_corrected,delta18O,delta15N_air,wt_perc_C,wt_perc_N,C_N_ratio_atomic,Dietary_category_og,Dietary_category_manual,Taxon,Taxon_group,Material_class,Material_element,Material_fraction,References_iso,References_iso_original,References_age,Notes
Eastern Africa,Ethiopia,Bale mountains,Fincha Habera,East African,936,"Square F13, Layer FHL-09",7.015,39.72,3469,3468,42511,41182,41847,"Calibrated c14 of specimen, range is 2-sigma; UCIAMS-251302",NA,Late Pleistocene,Fossil,-18.65,-8.65,NA,9.08,35.81,12.93,3.23,Grazer,Grazer,Connochaetes sp. 936,Alcelaphini_Bale,Tooth,Upper M3,Collagen,This study,NA,NA,NA
Eastern Africa,Ethiopia,Bale mountains,Fincha Habera,East African,936,"Square F13, Layer FHL-09",7.015,39.72,3469,3468,42511,41182,41847,"Calibrated c14 of specimen, range is 2-sigma; UCIAMS-251302",NA,Late Pleistocene,Fossil,-18.64,-8.64,NA,9.1,36.43,13.02,3.26,Grazer,Grazer,Connochaetes sp. 936,Alcelaphini_Bale,Tooth,Upper M3,Collagen,This study,NA,NA,NA
Eastern Africa,Ethiopia,Dire Dawa,Porc Epic,East African,3.11-1 982,08 EW 04 NS Position SW 60 - 70 cmbs,9.53,41.89,1427,1465,100000,40000,70000,NA,100-40 ka a,Late Pleistocene,Fossil,2.5,2.5,3.3,NA,NA,NA,NA,Grazer,Grazer,Damaliscus lunatus,Alcelaphini,Tooth,Upper M,Enamel,"Robinson, 2022","Robinson, 2017",NA,NA
Eastern Africa,Ethiopia,Dire Dawa,Porc Epic,East African,13.33-1 2122,06 EW 04 NS Position NW 160 - 170 cmbs,9.53,41.89,1427,1465,100000,40000,70000,NA,100-40 ka b,Late Pleistocene,Fossil,2.5,2.5,0.1,NA,NA,NA,NA,Grazer,Grazer,Damaliscus cf. lunatus,Alcelaphini,Tooth,Upper M,Enamel,"Robinson, 2022","Robinson, 2017",NA,NA
Eastern Africa,Ethiopia,Dire Dawa,Porc Epic,East African,14.18-2 341B,08 EW 07 NS Position North Wall 170 - 180 cmbs,9.53,41.89,1427,1465,100000,40000,70000,NA,100-40 ka b,Late Pleistocene,Fossil,-0.6,-0.6,1.6,NA,NA,NA,NA,Grazer,Grazer,Damaliscus lunatus,Alcelaphini,Tooth,Upper M1,Enamel,"Robinson, 2022","Robinson, 2017",NA,NA
Eastern Africa,Ethiopia,Omo River,Kibish Formation,East African,KIB 166-2E,Member III,4.81,35.93,399,399,104000,104000,104000,NA,104 ka,Late Pleistocene,Fossil,2.1,2.1,1,NA,NA,NA,NA,Grazer,Grazer,Connochaetes taurinus,Alcelaphini,Tooth,Upper Right M,Enamel,"Robinson, 2022","Robinson et al., 2016",NA,NA
Eastern Africa,Ethiopia,Omo River,Kibish Formation,East African,KIB 031-1,Member III,4.81,35.93,399,399,104000,104000,104000,NA,104 ka,Late Pleistocene,Fossil,2.5,2.5,-0.7,NA,NA,NA,NA,Grazer,Grazer,Damaliscus hypsodon,Alcelaphini,Tooth,Lower Right M1M2,Enamel,"Robinson, 2022","Robinson et al., 2016",NA,NA
Eastern Africa,Kenya,Athi-Kapiti,Lukenya Hill,East African,GvJm 19 4164,S 9-10; E 3-4; D.S. 110-115,-1.39,36.82,1522,1625,14000,14000,14000,NA,14 ka,Late Pleistocene,Fossil,-8,-8,-0.4,NA,NA,NA,NA,Mixed,Browser,Sylvicapra grimmia,Cephalophini,Tooth,Upper Right M1/M2,Enamel,"Robinson, 2022","Robinson, 2017",NA,NA
Eastern Africa,Kenya,Athi-Kapiti,Lukenya Hill,East African,GvJm 19 4855,S 10-11; E 5-6; D.S. 125-130,-1.39,36.82,1522,1625,14000,14000,14000,NA,14 ka,Late Pleistocene,Fossil,-0.8,-0.8,-4,NA,NA,NA,NA,Grazer,Grazer,Alcelaphus buselaphus,Alcelaphini,Tooth,M,Enamel,"Robinson, 2022","Robinson, 2017",NA,NA
Eastern Africa,Kenya,Athi-Kapiti,Lukenya Hill,East African,GvJm 19 2600,S 11-12; E 4-5; D.S. 115-120,-1.39,36.82,1522,1625,14000,14000,14000,NA,14 ka,Late Pleistocene,Fossil,-0.3,-0.3,-2.4,NA,NA,NA,NA,Grazer,Grazer,Alcelaphus buselaphus,Alcelaphini,Tooth,M,Enamel,"Robinson, 2022","Robinson, 2017",NA,NA
Eastern Africa,Kenya,Athi-Kapiti,Lukenya Hill,East African,GvJm 19 2784,S 10-11; E 5-6; D.S. 110-115,-1.39,36.82,1522,1625,14000,14000,14000,NA,14 ka,Late Pleistocene,Fossil,0.7,0.7,-1.9,NA,NA,NA,NA,Grazer,Grazer,Alcelaphus buselaphus,Alcelaphini,Tooth,M,Enamel,"Robinson, 2022","Robinson, 2017",NA,NA
Eastern Africa,Kenya,Athi-Kapiti,Lukenya Hill,East African,GvJm 19 1345,TP3 110-115,-1.39,36.82,1522,1625,14000,14000,14000,NA,14 ka,Late Pleistocene,Fossil,0.8,0.8,-3.2,NA,NA,NA,NA,Grazer,Grazer,Connochaetes taurinus,Alcelaphini,Tooth,M3,Enamel,"Robinson, 2022","Robinson, 2017",NA,NA
Eastern Africa,Kenya,Athi-Kapiti,Lukenya Hill,East African,GvJm 19 406,TP1 125-130,-1.39,36.82,1522,1625,14000,14000,14000,NA,14 ka,Late Pleistocene,Fossil,0.8,0.8,-2,NA,NA,NA,NA,Grazer,Grazer,Damaliscus hypsodon,Alcelaphini,Tooth,M,Enamel,"Robinson, 2022","Robinson, 2017",NA,NA
Eastern Africa,Kenya,Athi-Kapiti,Lukenya Hill,East African,GvJm 19 2434,S 9-10; E 4-5; D.S. 110-115,-1.39,36.82,1522,1625,14000,14000,14000,NA,14 ka,Late Pleistocene,Fossil,1.7,1.7,-3.2,NA,NA,NA,NA,Grazer,Grazer,Connochaetes taurinus,Alcelaphini,Tooth,M,Enamel,"Robinson, 2022","Robinson, 2017",NA,NA
Eastern Africa,Kenya,Athi-Kapiti,Lukenya Hill,East African,GvJm 46 4917,TP7 210-220,-1.39,36.82,1522,1625,40000,40000,40000,NA,> 40 ka,Late Pleistocene,Fossil,-0.2,-0.2,-3.2,NA,NA,NA,NA,Grazer,Grazer,Damaliscus hypsodon,Alcelaphini,Tooth,M,Enamel,"Robinson, 2022","Robinson, 2017",NA,NA
Eastern Africa,Kenya,Athi-Kapiti,Lukenya Hill,East African,GvJm 46 3688,Pit 4 250-260,-1.39,36.82,1522,1625,40000,40000,40000,NA,> 40 ka,Late Pleistocene,Fossil,0.7,0.7,-3.4,NA,NA,NA,NA,Grazer,Grazer,Damaliscus hypsodon,Alcelaphini,Tooth,M,Enamel,"Robinson, 2022","Robinson, 2017",NA,NA
Eastern Africa,Kenya,Athi-Kapiti,Lukenya Hill,East African,GvJm 46 4963,TP7 200-210,-1.39,36.82,1522,1625,40000,40000,40000,NA,> 40 ka,Late Pleistocene,Fossil,1.3,1.3,-4,NA,NA,NA,NA,Grazer,Grazer,Damaliscus hypsodon,Alcelaphini,Tooth,M,Enamel,"Robinson, 2022","Robinson, 2017",NA,NA
Eastern Africa,Kenya,Athi-Kapiti,Lukenya Hill,East African,GvJm 46 3557,Pit 4 200-210,-1.39,36.82,1522,1625,40000,40000,40000,NA,> 40 ka,Late Pleistocene,Fossil,2,2,-3.2,NA,NA,NA,NA,Grazer,Grazer,Damaliscus hypsodon,Alcelaphini,Tooth,M,Enamel,"Robinson, 2022","Robinson, 2017",NA,NA
Eastern Africa,Kenya,Athi-Kapiti,Lukenya Hill,East African,GvJm 46 4101,Pit 4 230-240,-1.39,36.82,1522,1625,40000,40000,40000,NA,> 40 ka,Late Pleistocene,Fossil,2.1,2.1,-5.9,NA,NA,NA,NA,Grazer,Grazer,Damaliscus hypsodon,Alcelaphini,Tooth,M,Enamel,"Robinson, 2022","Robinson, 2017",NA,NA
Eastern Africa,Kenya,Athi-Kapiti,Lukenya Hill,East African,GvJm 46 4516,Pit 4 230-240,-1.39,36.82,1522,1625,40000,40000,40000,NA,> 40 ka,Late Pleistocene,Fossil,2.4,2.4,-3.7,NA,NA,NA,NA,Grazer,Grazer,Damaliscus hypsodon,Alcelaphini,Tooth,M,Enamel,"Robinson, 2022","Robinson, 2017",NA,NA
Eastern Africa,Kenya,Athi-Kapiti,Lukenya Hill,East African,GvJm 46 4102,Pit 4 240-250,-1.39,36.82,1522,1625,40000,40000,40000,NA,> 40 ka,Late Pleistocene,Fossil,2.6,2.6,-5,NA,NA,NA,NA,Grazer,Grazer,Damaliscus hypsodon,Alcelaphini,Tooth,M,Enamel,"Robinson, 2022","Robinson, 2017",NA,NA
Eastern Africa,Kenya,Athi-Kapiti,Lukenya Hill,East African,GvJm 46 4949,TP7 290-300,-1.39,36.82,1522,1625,40000,40000,40000,NA,> 40 ka,Late Pleistocene,Fossil,2.6,2.6,-3.9,NA,NA,NA,NA,Grazer,Grazer,Damaliscus hypsodon,Alcelaphini,Tooth,M,Enamel,"Robinson, 2022","Robinson, 2017",NA,NA
Eastern Africa,Kenya,Athi-Kapiti,Lukenya Hill,East African,GvJm 46 6788,TP7 200-210,-1.39,36.82,1522,1625,40000,40000,40000,NA,> 40 ka,Late Pleistocene,Fossil,2.6,2.6,-1.4,NA,NA,NA,NA,Grazer,Grazer,Damaliscus hypsodon,Alcelaphini,Tooth,M,Enamel,"Robinson, 2022","Robinson, 2017",NA,NA
Eastern Africa,Kenya,Athi-Kapiti,Lukenya Hill,East African,GvJm 46 3369,Pit 3 220-230,-1.39,36.82,1522,1625,40000,40000,40000,NA,> 40 ka,Late Pleistocene,Fossil,2.8,2.8,-3.2,NA,NA,NA,NA,Grazer,Grazer,Damaliscus hypsodon,Alcelaphini,Tooth,M,Enamel,"Robinson, 2022","Robinson, 2017",NA,NA
Eastern Africa,Kenya,Athi-Kapiti,Lukenya Hill,East African,GvJm 46 3372,Pit 3 230-240,-1.39,36.82,1522,1625,40000,40000,40000,NA,> 40 ka,Late Pleistocene,Fossil,2.8,2.8,-4,NA,NA,NA,NA,Grazer,Grazer,Damaliscus hypsodon,Alcelaphini,Tooth,M,Enamel,"Robinson, 2022","Robinson, 2017",NA,NA
Eastern Africa,Kenya,Athi-Kapiti,Lukenya Hill,East African,GvJm 46 3590,Pit 4 230-240,-1.39,36.82,1522,1625,40000,40000,40000,NA,> 40 ka,Late Pleistocene,Fossil,2.8,2.8,-4.4,NA,NA,NA,NA,Grazer,Grazer,Damaliscus hypsodon,Alcelaphini,Tooth,M,Enamel,"Robinson, 2022","Robinson, 2017",NA,NA
Eastern Africa,Kenya,Athi-Kapiti,Lukenya Hill,East African,GvJm 46 4902,TP7 180-190,-1.39,36.82,1522,1625,40000,40000,40000,NA,> 40 ka,Late Pleistocene,Fossil,2.8,2.8,-2.8,NA,NA,NA,NA,Grazer,Grazer,Damaliscus hypsodon,Alcelaphini,Tooth,M,Enamel,"Robinson, 2022","Robinson, 2017",NA,NA
Eastern Africa,Kenya,Athi-Kapiti,Lukenya Hill,East African,GvJm 46 4951,TP7 290-300,-1.39,36.82,1522,1625,40000,40000,40000,NA,> 40 ka,Late Pleistocene,Fossil,2.8,2.8,-4.4,NA,NA,NA,NA,Grazer,Grazer,Damaliscus hypsodon,Alcelaphini,Tooth,M,Enamel,"Robinson, 2022","Robinson, 2017",NA,NA
Eastern Africa,Kenya,Athi-Kapiti,Lukenya Hill,East African,GvJm 46 4916,TP7 210-220,-1.39,36.82,1522,1625,40000,40000,40000,NA,> 40 ka,Late Pleistocene,Fossil,3.5,3.5,-2.5,NA,NA,NA,NA,Grazer,Grazer,Damaliscus hypsodon,Alcelaphini,Tooth,M,Enamel,"Robinson, 2022","Robinson, 2017",NA,NA
Eastern Africa,Kenya,Athi-Kapiti,Lukenya Hill,East African,GvJm 62 340,S 23-24; E 0-1; D.S. 230-240,-1.39,36.82,1522,1625,30000,25000,27500,NA,30-25 ka,Late Pleistocene,Fossil,-0.3,-0.3,-5.7,NA,NA,NA,NA,Grazer,Grazer,Alcelaphus buselaphus,Alcelaphini,Tooth,Upper Right M3,Enamel,"Robinson, 2022","Robinson, 2017",NA,NA
Eastern Africa,Kenya,Athi-Kapiti,Lukenya Hill,East African,GvJm 62 2314,TP3 240-250,-1.39,36.82,1522,1625,30000,25000,27500,NA,30-25 ka,Late Pleistocene,Fossil,1.1,1.1,-5.2,NA,NA,NA,NA,Grazer,Grazer,Alcelaphus buselaphus,Alcelaphini,Tooth,Upper Right M3,Enamel,"Robinson, 2022","Robinson, 2017",NA,NA
Eastern Africa,Kenya,Athi-Kapiti,Lukenya Hill,East African,GvJm 62 341,S 23-24; E 0-1; D.S. 230-240,-1.39,36.82,1522,1625,30000,25000,27500,NA,30-25 ka,Late Pleistocene,Fossil,1.1,1.1,-0.1,NA,NA,NA,NA,Grazer,Grazer,Connochaetes taurinus,Alcelaphini,Tooth,Upper Right M,Enamel,"Robinson, 2022","Robinson, 2017",NA,NA
Eastern Africa,Kenya,Athi-Kapiti,Lukenya Hill,East African,GvJm 62 2012,S 22-23; E 4-5; D.S. 235-240,-1.39,36.82,1522,1625,30000,25000,27500,NA,30-25 ka,Late Pleistocene,Fossil,1.5,1.5,-4.2,NA,NA,NA,NA,Grazer,Grazer,Damaliscus hypsodon,Alcelaphini,Tooth,Lower Right M1/M2,Enamel,"Robinson, 2022","Robinson, 2017",NA,NA
Eastern Africa,Kenya,Athi-Kapiti,Lukenya Hill,East African,GvJm 62 2274,S 22-23; E 5-6; D.S. 300-310,-1.39,36.82,1522,1625,30000,25000,27500,NA,30-25 ka,Late Pleistocene,Fossil,1.9,1.9,-4.6,NA,NA,NA,NA,Grazer,Grazer,Damaliscus hypsodon,Alcelaphini,Tooth,Lower Right M3,Enamel,"Robinson, 2022","Robinson, 2017",NA,NA
Eastern Africa,Kenya,Athi-Kapiti,Lukenya Hill,East African,GvJm 62 2285,S 22-23; E 5-6; D.S. 350-360,-1.39,36.82,1522,1625,30000,25000,27500,NA,30-25 ka,Late Pleistocene,Fossil,2.1,2.1,-2.2,NA,NA,NA,NA,Grazer,Grazer,Damaliscus hypsodon,Alcelaphini,Tooth,Lower M,Enamel,"Robinson, 2022","Robinson, 2017",NA,NA
Eastern Africa,Kenya,Athi-Kapiti,Lukenya Hill,East African,GvJm 62 1985,S 22-23; E 3-4; D.S. 240-245,-1.39,36.82,1522,1625,30000,25000,27500,NA,30-25 ka,Late Pleistocene,Fossil,2.3,2.3,-4.1,NA,NA,NA,NA,Grazer,Grazer,Damaliscus hypsodon,Alcelaphini,Tooth,Lower Left M3,Enamel,"Robinson, 2022","Robinson, 2017",NA,NA
Eastern Africa,Kenya,Athi-Kapiti,Lukenya Hill,East African,GvJm 62 1978,S 22-23; E 3-4; D.S. 230-235,-1.39,36.82,1522,1625,30000,25000,27500,NA,30-25 ka,Late Pleistocene,Fossil,2.5,2.5,-4.6,NA,NA,NA,NA,Grazer,Grazer,Damaliscus hypsodon,Alcelaphini,Tooth,Lower M,Enamel,"Robinson, 2022","Robinson, 2017",NA,NA
Eastern Africa,Kenya,Athi-Kapiti,Lukenya Hill,East African,GvJm 62 2016,S 22-23; E 4-5; D.S. 240-250,-1.39,36.82,1522,1625,30000,25000,27500,NA,30-25 ka,Late Pleistocene,Fossil,2.8,2.8,-3.5,NA,NA,NA,NA,Grazer,Grazer,Alcelaphus buselaphus,Alcelaphini,Tooth,Upper Right M2,Enamel,"Robinson, 2022","Robinson, 2017",NA,NA
Eastern Africa,Kenya,Athi-Kapiti,Lukenya Hill,East African,GvJm 62 2251,S 22-23; E 5-6; D.S. 230-240,-1.39,36.82,1522,1625,30000,25000,27500,NA,30-25 ka,Late Pleistocene,Fossil,2.9,2.9,-4.4,NA,NA,NA,NA,Grazer,Grazer,Alcelaphus buselaphus,Alcelaphini,Tooth,Upper Right M1/M2,Enamel,"Robinson, 2022","Robinson, 2017",NA,NA
Eastern Africa,Kenya,Athi-Kapiti,Lukenya Hill,East African,GvJm 22 521,Occurrence E: C 135-140,-1.39,36.82,1522,1625,46000,15000,30500,NA,> 46-15 ka,Late Pleistocene,Fossil,-0.6,-0.6,-3,NA,NA,NA,NA,Grazer,Grazer,Alcelaphus buselaphus,Alcelaphini,Tooth,M,Enamel,"Robinson, 2022","Robinson, 2017",NA,NA
Eastern Africa,Kenya,Athi-Kapiti,Lukenya Hill,East African,GvJm 22 334,Btwn Occurrences E and F: A 160-170,-1.39,36.82,1522,1625,46000,15000,30500,NA,> 46-15 ka,Late Pleistocene,Fossil,-0.3,-0.3,-0.7,NA,NA,NA,NA,Grazer,Grazer,Damaliscus hypsodon,Alcelaphini,Tooth,M,Enamel,"Robinson, 2022","Robinson, 2017",NA,NA
Eastern Africa,Kenya,Athi-Kapiti,Lukenya Hill,East African,GvJm 22 156,Occurrence E: C 130-140,-1.39,36.82,1522,1625,46000,15000,30500,NA,> 46-15 ka,Late Pleistocene,Fossil,0.5,0.5,-0.3,NA,NA,NA,NA,Grazer,Grazer,Damaliscus hypsodon,Alcelaphini,Tooth,M,Enamel,"Robinson, 2022","Robinson, 2017",NA,NA
Eastern Africa,Kenya,Athi-Kapiti,Lukenya Hill,East African,GvJm 22 268,Occurrence E: C 135-140,-1.39,36.82,1522,1625,46000,15000,30500,NA,> 46-15 ka,Late Pleistocene,Fossil,0.7,0.7,-2,NA,NA,NA,NA,Grazer,Grazer,Damaliscus hypsodon,Alcelaphini,Tooth,M,Enamel,"Robinson, 2022","Robinson, 2017",NA,NA
Eastern Africa,Kenya,Athi-Kapiti,Lukenya Hill,East African,GvJm 22 293,Occurrence E: C 145-150,-1.39,36.82,1522,1625,46000,15000,30500,NA,> 46-15 ka,Late Pleistocene,Fossil,0.7,0.7,-1.7,NA,NA,NA,NA,Grazer,Grazer,Damaliscus hypsodon,Alcelaphini,Tooth,M,Enamel,"Robinson, 2022","Robinson, 2017",NA,NA
Eastern Africa,Kenya,Athi-Kapiti,Lukenya Hill,East African,GvJm 22 531,Occurrence E: C 140-145,-1.39,36.82,1522,1625,46000,15000,30500,NA,> 46-15 ka,Late Pleistocene,Fossil,0.7,0.7,0.7,NA,NA,NA,NA,Grazer,Grazer,Damaliscus hypsodon,Alcelaphini,Tooth,M,Enamel,"Robinson, 2022","Robinson, 2017",NA,NA
Eastern Africa,Kenya,Athi-Kapiti,Lukenya Hill,East African,GvJm 22 157,Occurrence E: C 130-135,-1.39,36.82,1522,1625,46000,15000,30500,NA,> 46-15 ka,Late Pleistocene,Fossil,1,1,-0.3,NA,NA,NA,NA,Grazer,Grazer,Damaliscus hypsodon,Alcelaphini,Tooth,M,Enamel,"Robinson, 2022","Robinson, 2017",NA,NA
Eastern Africa,Kenya,Athi-Kapiti,Lukenya Hill,East African,GvJm 22 602,Occurrence E: C 130-135,-1.39,36.82,1522,1625,46000,15000,30500,NA,> 46-15 ka,Late Pleistocene,Fossil,1,1,-2.3,NA,NA,NA,NA,Grazer,Grazer,Connochaetes taurinus,Alcelaphini,Tooth,M,Enamel,"Robinson, 2022","Robinson, 2017",NA,NA
Eastern Africa,Kenya,Athi-Kapiti,Lukenya Hill,East African,GvJm 22 203,Btwn Occurrences E and F: C + Balk 165-170,-1.39,36.82,1522,1625,46000,15000,30500,NA,> 46-15 ka,Late Pleistocene,Fossil,1.1,1.1,-1.6,NA,NA,NA,NA,Grazer,Grazer,Damaliscus hypsodon,Alcelaphini,Tooth,M,Enamel,"Robinson, 2022","Robinson, 2017",NA,NA
Eastern Africa,Kenya,Athi-Kapiti,Lukenya Hill,East African,GvJm 22 259,Occurrence E: A 130-140,-1.39,36.82,1522,1625,46000,15000,30500,NA,> 46-15 ka,Late Pleistocene,Fossil,1.3,1.3,0.2,NA,NA,NA,NA,Grazer,Grazer,Damaliscus hypsodon,Alcelaphini,Tooth,M,Enamel,"Robinson, 2022","Robinson, 2017",NA,NA
Eastern Africa,Kenya,Athi-Kapiti,Lukenya Hill,East African,GvJm 22 483,Occurrence E: C 135-140,-1.39,36.82,1522,1625,46000,15000,30500,NA,> 46-15 ka,Late Pleistocene,Fossil,1.5,1.5,-1.3,NA,NA,NA,NA,Grazer,Grazer,Alcelaphus buselaphus,Alcelaphini,Tooth,M,Enamel,"Robinson, 2022","Robinson, 2017",NA,NA
Eastern Africa,Kenya,Athi-Kapiti,Lukenya Hill,East African,GvJm 22 174,Occurrence E: C + Balk 150?,-1.39,36.82,1522,1625,46000,15000,30500,NA,> 46-15 ka,Late Pleistocene,Fossil,1.6,1.6,-0.7,NA,NA,NA,NA,Grazer,Grazer,Damaliscus hypsodon,Alcelaphini,Tooth,M,Enamel,"Robinson, 2022","Robinson, 2017",NA,NA
Eastern Africa,Kenya,Athi-Kapiti,Lukenya Hill,East African,GvJm 22 180,Occurrence E: C 140-145,-1.39,36.82,1522,1625,46000,15000,30500,NA,> 46-15 ka,Late Pleistocene,Fossil,1.7,1.7,-2.1,NA,NA,NA,NA,Grazer,Grazer,Damaliscus hypsodon,Alcelaphini,Tooth,M,Enamel,"Robinson, 2022","Robinson, 2017",NA,NA
Eastern Africa,Kenya,Athi-Kapiti,Lukenya Hill,East African,GvJm 22 186,Occurrence E: TP 140-145,-1.39,36.82,1522,1625,46000,15000,30500,NA,> 46-15 ka,Late Pleistocene,Fossil,1.7,1.7,-0.5,NA,NA,NA,NA,Grazer,Grazer,Damaliscus hypsodon,Alcelaphini,Tooth,M,Enamel,"Robinson, 2022","Robinson, 2017",NA,NA
Eastern Africa,Kenya,Athi-Kapiti,Lukenya Hill,East African,GvJm 22 611,Occurrence E: C + Balk 145-150,-1.39,36.82,1522,1625,46000,15000,30500,NA,> 46-15 ka,Late Pleistocene,Fossil,1.8,1.8,-2.9,NA,NA,NA,NA,Grazer,Grazer,Connochaetes taurinus,Alcelaphini,Tooth,M,Enamel,"Robinson, 2022","Robinson, 2017",NA,NA
Eastern Africa,Kenya,Athi-Kapiti,Lukenya Hill,East African,GvJm 22 488,Occurrence E: B 11? 140-145,-1.39,36.82,1522,1625,46000,15000,30500,NA,> 46-15 ka,Late Pleistocene,Fossil,2.2,2.2,-3.5,NA,NA,NA,NA,Grazer,Grazer,Alcelaphus buselaphus,Alcelaphini,Tooth,M,Enamel,"Robinson, 2022","Robinson, 2017",NA,NA
Eastern Africa,Kenya,Athi-Kapiti,Lukenya Hill,East African,GvJm 22 450,Occurrence E: C 130-135,-1.39,36.82,1522,1625,46000,15000,30500,NA,> 46-15 ka,Late Pleistocene,Fossil,2.6,2.6,-1.9,NA,NA,NA,NA,Grazer,Grazer,Damaliscus hypsodon,Alcelaphini,Tooth,M,Enamel,"Robinson, 2022","Robinson, 2017",NA,NA
Eastern Africa,Kenya,Athi-Kapiti,Lukenya Hill,East African,GvJm 22 608,Occurrence E: C + Balk 145-150,-1.39,36.82,1522,1625,46000,15000,30500,NA,> 46-15 ka,Late Pleistocene,Fossil,3.1,3.1,1.5,NA,NA,NA,NA,Grazer,Grazer,Connochaetes taurinus,Alcelaphini,Tooth,M,Enamel,"Robinson, 2022","Robinson, 2017",NA,NA
Eastern Africa,Kenya,Athi-Kapiti,Lukenya Hill,East African,GvJm 22 197,Btwn Occurrences E and F: TP 150-160,-1.39,36.82,1522,1625,46000,15000,30500,NA,> 46-15 ka,Late Pleistocene,Fossil,3.3,3.3,-2.4,NA,NA,NA,NA,Grazer,Grazer,Damaliscus hypsodon,Alcelaphini,Tooth,M,Enamel,"Robinson, 2022","Robinson, 2017",NA,NA
Eastern Africa,Kenya,Athi-Kapiti,Lukenya Hill,East African,GvJm 22 244,Occurrence E: C 105-115,-1.39,36.82,1522,1625,46000,15000,30500,NA,> 46-15 ka,Late Pleistocene,Fossil,3.4,3.4,-2.3,NA,NA,NA,NA,Grazer,Grazer,Damaliscus hypsodon,Alcelaphini,Tooth,M,Enamel,"Robinson, 2022","Robinson, 2017",NA,NA
Eastern Africa,Kenya,Athi-Kapiti,Lukenya Hill,East African,GvJm 22 508,Occurrence F: A 170-180,-1.39,36.82,1522,1625,46000,26000,36000,NA,> 46-26 ka,Late Pleistocene,Fossil,-2.4,-2.4,-3.6,NA,NA,NA,NA,Mixed,Grazer,Alcelaphus buselaphus,Alcelaphini,Tooth,M,Enamel,"Robinson, 2022","Robinson, 2017",NA,NA
Eastern Africa,Kenya,Athi-Kapiti,Lukenya Hill,East African,GvJm 22 436,Occurrence F: C + Balk 190-195,-1.39,36.82,1522,1625,46000,26000,36000,NA,> 46-26 ka,Late Pleistocene,Fossil,0,0,-3.5,NA,NA,NA,NA,Grazer,Grazer,Damaliscus hypsodon,Alcelaphini,Tooth,M,Enamel,"Robinson, 2022","Robinson, 2017",NA,NA
Eastern Africa,Kenya,Athi-Kapiti,Lukenya Hill,East African,GvJm 22 553,Occurrence F: C + Balk 195-200,-1.39,36.82,1522,1625,46000,26000,36000,NA,> 46-26 ka,Late Pleistocene,Fossil,0.7,0.7,-3.9,NA,NA,NA,NA,Grazer,Grazer,Damaliscus hypsodon,Alcelaphini,Tooth,M,Enamel,"Robinson, 2022","Robinson, 2017",NA,NA
Eastern Africa,Kenya,Athi-Kapiti,Lukenya Hill,East African,GvJm 22 628,Occurrence F: C + Balk 185-190,-1.39,36.82,1522,1625,46000,26000,36000,NA,> 46-26 ka,Late Pleistocene,Fossil,1.3,1.3,-1.1,NA,NA,NA,NA,Grazer,Grazer,Connochaetes taurinus,Alcelaphini,Tooth,M,Enamel,"Robinson, 2022","Robinson, 2017",NA,NA
Eastern Africa,Kenya,Athi-Kapiti,Lukenya Hill,East African,GvJm 22 549,Occurrence F: C + Balk 195-200,-1.39,36.82,1522,1625,46000,26000,36000,NA,> 46-26 ka,Late Pleistocene,Fossil,1.5,1.5,-3.2,NA,NA,NA,NA,Grazer,Grazer,Damaliscus hypsodon,Alcelaphini,Tooth,M,Enamel,"Robinson, 2022","Robinson, 2017",NA,NA
Eastern Africa,Kenya,Athi-Kapiti,Lukenya Hill,East African,GvJm 22 498,Occurrence F: B 190-Balk,-1.39,36.82,1522,1625,46000,26000,36000,NA,> 46-26 ka,Late Pleistocene,Fossil,2.3,2.3,-3.3,NA,NA,NA,NA,Grazer,Grazer,Alcelaphus buselaphus,Alcelaphini,Tooth,M,Enamel,"Robinson, 2022","Robinson, 2017",NA,NA
Eastern Africa,Kenya,Athi-Kapiti,Lukenya Hill,East African,GvJm 22 509,Occurrence F: C + Balk 200-205,-1.39,36.82,1522,1625,46000,26000,36000,NA,> 46-26 ka,Late Pleistocene,Fossil,2.3,2.3,-3.8,NA,NA,NA,NA,Grazer,Grazer,Alcelaphus buselaphus,Alcelaphini,Tooth,M,Enamel,"Robinson, 2022","Robinson, 2017",NA,NA
Eastern Africa,Kenya,Athi-Kapiti,Lukenya Hill,East African,GvJm 22 519,Occurrence F: C + Balk 190-195,-1.39,36.82,1522,1625,46000,26000,36000,NA,> 46-26 ka,Late Pleistocene,Fossil,2.5,2.5,-4.6,NA,NA,NA,NA,Grazer,Grazer,Alcelaphus buselaphus,Alcelaphini,Tooth,M,Enamel,"Robinson, 2022","Robinson, 2017",NA,NA
Eastern Africa,Kenya,Athi-Kapiti,Lukenya Hill,East African,GvJm 22 433,Occurrence F: C + Balk 185-190,-1.39,36.82,1522,1625,46000,26000,36000,NA,> 46-26 ka,Late Pleistocene,Fossil,2.7,2.7,-4.4,NA,NA,NA,NA,Grazer,Grazer,Damaliscus hypsodon,Alcelaphini,Tooth,M,Enamel,"Robinson, 2022","Robinson, 2017",NA,NA
Eastern Africa,Kenya,Athi-Kapiti,Lukenya Hill,East African,GvJm 22 452,Occurrence F: A 170-180,-1.39,36.82,1522,1625,46000,26000,36000,NA,> 46-26 ka,Late Pleistocene,Fossil,3.5,3.5,-1.2,NA,NA,NA,NA,Grazer,Grazer,Damaliscus hypsodon,Alcelaphini,Tooth,M,Enamel,"Robinson, 2022","Robinson, 2017",NA,NA
Eastern Africa,Kenya,Coastal,Panga ya Saidi,East African,10747,Level: 6,-4.05,39.7,129,21,14500,14500,14500,NA,14.5 ka,Late Pleistocene,Fossil,-11.5,-11.5,-4.2,NA,NA,NA,NA,Browser,Browser,Sylvicapra grimmia,Cephalophini,Tooth,Upper M1/M2,Enamel,"Robinson, 2022","Shipton et al., 2018",NA,NA
Eastern Africa,Kenya,Coastal,Panga ya Saidi,East African,1475,Level: 6,-4.05,39.7,129,21,14500,14500,14500,NA,14.5 ka,Late Pleistocene,Fossil,-10.3,-10.3,-3.1,NA,NA,NA,NA,Browser,Browser,Cf. Sylvicapra grimmia,Cephalophini,Tooth,Lower MA3,Enamel,"Robinson, 2022","Shipton et al., 2018",NA,NA
Eastern Africa,Kenya,Coastal,Panga ya Saidi,East African,10628,Level: 8,-4.05,39.7,129,21,25000,20000,22500,NA,25-20 ka,Late Pleistocene,Fossil,0.2,0.2,-1,NA,NA,NA,NA,Grazer,Grazer,Alcelaphus/Damaliscus,Alcelaphini,Tooth,Upper M,Enamel,"Robinson, 2022","Shipton et al., 2018",NA,NA
Eastern Africa,Kenya,Coastal,Panga ya Saidi,East African,11103,Level: 9,-4.05,39.7,129,21,33000,33000,33000,NA,33 ka,Late Pleistocene,Fossil,-10.6,-10.6,-2.8,NA,NA,NA,NA,Browser,Browser,Sylvicapra grimmia,Cephalophini,Tooth,Lower M3,Enamel,"Robinson, 2022","Shipton et al., 2018",NA,NA
Eastern Africa,Kenya,Coastal,Panga ya Saidi,East African,11487,Level: 10,-4.05,39.7,129,21,48500,48500,48500,NA,48.5 ka,Late Pleistocene,Fossil,-10.2,-10.2,-3.6,NA,NA,NA,NA,Browser,Browser,"Cephalophini, small",Cephalophini,Tooth,Upper M2/M3,Enamel,"Robinson, 2022","Shipton et al., 2018",NA,NA
Eastern Africa,Kenya,Coastal,Panga ya Saidi,East African,1572,Level: 12,-4.05,39.7,129,21,48500,48500,48500,NA,48.5 ka,Late Pleistocene,Fossil,-6.8,-6.8,-3.6,NA,NA,NA,NA,Mixed,Grazer,Bovid Size 3 Cf. Alcelaphini,Alcelaphini,Tooth,Upper M1/M2,Enamel,"Robinson, 2022","Shipton et al., 2018",NA,NA
Eastern Africa,Kenya,Coastal,Panga ya Saidi,East African,11368,Level: 11,-4.05,39.7,129,21,48500,48500,48500,NA,48.5 ka,Late Pleistocene,Fossil,-4.2,-4.2,-1.6,NA,NA,NA,NA,Mixed,Grazer,Alcelaphus/Damaliscus,Alcelaphini,Tooth,Upper M3,Enamel,"Robinson, 2022","Shipton et al., 2018",NA,NA
Eastern Africa,Kenya,Coastal,Panga ya Saidi,East African,11461,Level: 10,-4.05,39.7,129,21,48500,48500,48500,NA,48.5 ka,Late Pleistocene,Fossil,-2.2,-2.2,-1,NA,NA,NA,NA,Mixed,Grazer,Alcelaphus/Damaliscus,Alcelaphini,Tooth,Lower M1,Enamel,"Robinson, 2022","Shipton et al., 2018",NA,NA
Eastern Africa,Kenya,Coastal,Panga ya Saidi,East African,11369,Level: 11,-4.05,39.7,129,21,48500,48500,48500,NA,48.5 ka,Late Pleistocene,Fossil,-2.2,-2.2,-1.3,NA,NA,NA,NA,Mixed,Grazer,Alcelaphus/Damaliscus,Alcelaphini,Tooth,Upper M,Enamel,"Robinson, 2022","Shipton et al., 2018",NA,NA
Eastern Africa,Kenya,Coastal,Panga ya Saidi,East African,10990,Level: 12,-4.05,39.7,129,21,48500,48500,48500,NA,48.5 ka,Late Pleistocene,Fossil,-0.9,-0.9,-1.2,NA,NA,NA,NA,Grazer,Grazer,Connochaetes taurinus,Alcelaphini,Tooth,Upper M3,Enamel,"Robinson, 2022","Shipton et al., 2018",NA,NA
Eastern Africa,Kenya,Coastal,Panga ya Saidi,East African,11370,Level: 11,-4.05,39.7,129,21,48500,48500,48500,NA,48.5 ka,Late Pleistocene,Fossil,1.1,1.1,-1.9,NA,NA,NA,NA,Grazer,Grazer,Alcelaphus/Damaliscus,Alcelaphini,Tooth,Upper M,Enamel,"Robinson, 2022","Shipton et al., 2018",NA,NA
Eastern Africa,Kenya,Coastal,Panga ya Saidi,East African,11515,Level: 10,-4.05,39.7,129,21,48500,48500,48500,NA,48.5 ka,Late Pleistocene,Fossil,1.6,1.6,-0.5,NA,NA,NA,NA,Grazer,Grazer,Alcelaphus/Damaliscus,Alcelaphini,Tooth,Lower M1/M2,Enamel,"Robinson, 2022","Shipton et al., 2018",NA,NA
Eastern Africa,Kenya,Coastal,Panga ya Saidi,East African,11346,Level: 11,-4.05,39.7,129,21,48500,48500,48500,NA,48.5 ka,Late Pleistocene,Fossil,1.9,1.9,-0.6,NA,NA,NA,NA,Grazer,Grazer,Bovid Size 3 Cf. Alcelaphini,Alcelaphini,Tooth,Upper M1/M2,Enamel,"Robinson, 2022","Shipton et al., 2018",NA,NA
Eastern Africa,Kenya,Coastal,Panga ya Saidi,East African,11425,Level: 11,-4.05,39.7,129,21,48500,48500,48500,NA,48.5 ka,Late Pleistocene,Fossil,2.7,2.7,-1.7,NA,NA,NA,NA,Grazer,Grazer,Alcelaphus/Damaliscus,Alcelaphini,Tooth,Lower M3,Enamel,"Robinson, 2022","Shipton et al., 2018",NA,NA
Eastern Africa,Kenya,Coastal,Panga ya Saidi,East African,11329,Level: 11,-4.05,39.7,129,21,48500,48500,48500,NA,48.5 ka,Late Pleistocene,Fossil,3.4,3.4,-0.7,NA,NA,NA,NA,Grazer,Grazer,Alcelaphus/Damaliscus,Alcelaphini,Tooth,Lower M3,Enamel,"Robinson, 2022","Shipton et al., 2018",NA,NA
Eastern Africa,Kenya,Coastal,Panga ya Saidi,East African,13426,Level: 14,-4.05,39.7,129,21,68000,60000,64000,NA,68-60 ka,Late Pleistocene,Fossil,-12.5,-12.5,-5.4,NA,NA,NA,NA,Browser,Browser,Cf. Sylvicapra grimmia,Cephalophini,Tooth,Lower M2,Enamel,"Robinson, 2022","Shipton et al., 2018",NA,NA
Eastern Africa,Kenya,Coastal,Panga ya Saidi,East African,1586,Level: 15,-4.05,39.7,129,21,68000,60000,64000,NA,68-60 ka,Late Pleistocene,Fossil,-12.5,-12.5,-2.2,NA,NA,NA,NA,Browser,Browser,Cf. Sylvicapra grimmia,Cephalophini,Tooth,Upper M,Enamel,"Robinson, 2022","Shipton et al., 2018",NA,NA
Eastern Africa,Kenya,Coastal,Panga ya Saidi,East African,1585,Level: 15,-4.05,39.7,129,21,68000,60000,64000,NA,68-60 ka,Late Pleistocene,Fossil,-11.7,-11.7,-3.7,NA,NA,NA,NA,Browser,Browser,Cf. Sylvicapra grimmia,Cephalophini,Tooth,Upper M,Enamel,"Robinson, 2022","Shipton et al., 2018",NA,NA
Eastern Africa,Kenya,Coastal,Panga ya Saidi,East African,11311,Level: 17,-4.05,39.7,129,21,78000,73000,75500,NA,78-73 ka,Late Pleistocene,Fossil,-12.7,-12.7,-3.4,NA,NA,NA,NA,Browser,Browser,Cf. Sylvicapra grimmia,Cephalophini,Tooth,Upper M2,Enamel,"Robinson, 2022","Shipton et al., 2018",NA,NA
Eastern Africa,Kenya,Coastal,Panga ya Saidi,East African,1614,Level: 17,-4.05,39.7,129,21,78000,73000,75500,NA,78-73 ka,Late Pleistocene,Fossil,-9,-9,-1.5,NA,NA,NA,NA,Browser,Browser,Cf. Sylvicapra grimmia,Cephalophini,Tooth,Lower P3,Enamel,"Robinson, 2022","Shipton et al., 2018",NA,NA
Eastern Africa,Kenya,Lake Victoria,Karungu,East African,KAR13-42,NA,-0.84,34.16,1148,1151,94000,45000,69500,NA,94-45 ka,Late Pleistocene,Fossil,-0.5,-0.5,-0.9,NA,NA,NA,NA,Grazer,Grazer,cf. Rusingoryx atopocranion,Alcelaphini,Tooth,Not published,Enamel,"Robinson, 2022","Faith et al., 2015","Faith et al., 2015",NA
Eastern Africa,Kenya,Lake Victoria,Karungu,East African,KAR13-81,NA,-0.84,34.16,1148,1151,94000,45000,69500,NA,94-45 ka,Late Pleistocene,Fossil,0.7,0.7,-1.2,NA,NA,NA,NA,Grazer,Grazer,cf. Rusingoryx atopocranion,Alcelaphini,Tooth,Not published,Enamel,"Robinson, 2022","Faith et al., 2015","Faith et al., 2015",NA
Eastern Africa,Kenya,Lake Victoria,Karungu,East African,KAR13-32,NA,-0.84,34.16,1148,1151,94000,45000,69500,NA,94-45 ka,Late Pleistocene,Fossil,1.1,1.1,0.8,NA,NA,NA,NA,Grazer,Grazer,cf. Rusingoryx atopocranion,Alcelaphini,Tooth,Not published,Enamel,"Robinson, 2022","Faith et al., 2015","Faith et al., 2015",NA
Eastern Africa,Kenya,Lake Victoria,Karungu,East African,KAR13-47,NA,-0.84,34.16,1148,1151,94000,45000,69500,NA,94-45 ka,Late Pleistocene,Fossil,1.7,1.7,-2.6,NA,NA,NA,NA,Grazer,Grazer,Alcelaphini indet.,Alcelaphini,Tooth,Not published,Enamel,"Robinson, 2022","Faith et al., 2015","Faith et al., 2015",NA
Eastern Africa,Kenya,Lake Victoria,Karungu,East African,KAR13-76,NA,-0.84,34.16,1148,1151,94000,45000,69500,NA,94-45 ka,Late Pleistocene,Fossil,1.9,1.9,-1.3,NA,NA,NA,NA,Grazer,Grazer,cf. Alcelaphus buselaphus,Alcelaphini,Tooth,Not published,Enamel,"Robinson, 2022","Faith et al., 2015","Faith et al., 2015",NA
Eastern Africa,Kenya,Lake Victoria,Karungu,East African,KAR13-76,NA,-0.84,34.16,1148,1151,94000,45000,69500,NA,94-45 ka,Late Pleistocene,Fossil,2.1,2.1,-0.2,NA,NA,NA,NA,Grazer,Grazer,cf. Alcelaphus buselaphus,Alcelaphini,Tooth,Not published,Enamel,"Robinson, 2022","Faith et al., 2015","Faith et al., 2015",NA
Eastern Africa,Kenya,Lake Victoria,Karungu,East African,KAR13-175,NA,-0.84,34.16,1148,1151,94000,45000,69500,NA,94-45 ka,Late Pleistocene,Fossil,2.2,2.2,-0.7,NA,NA,NA,NA,Grazer,Grazer,Damaliscus hypsodon,Alcelaphini,Tooth,Not published,Enamel,"Robinson, 2022","Faith et al., 2015","Faith et al., 2015",NA
Eastern Africa,Kenya,Lake Victoria,Karungu,East African,KAR13-173,NA,-0.84,34.16,1148,1151,94000,45000,69500,NA,94-45 ka,Late Pleistocene,Fossil,2.4,2.4,1.8,NA,NA,NA,NA,Grazer,Grazer,Alcelaphini indet.,Alcelaphini,Tooth,Not published,Enamel,"Robinson, 2022","Faith et al., 2015","Faith et al., 2015",NA
Eastern Africa,Kenya,Lake Victoria,Karungu,East African,KAR13-172,NA,-0.84,34.16,1148,1151,94000,45000,69500,NA,94-45 ka,Late Pleistocene,Fossil,2.5,2.5,0.1,NA,NA,NA,NA,Grazer,Grazer,Damaliscus hypsodon,Alcelaphini,Tooth,Not published,Enamel,"Robinson, 2022","Faith et al., 2015","Faith et al., 2015",NA
Eastern Africa,Kenya,Lake Victoria,Karungu,East African,KAR13-176,NA,-0.84,34.16,1148,1151,94000,45000,69500,NA,94-45 ka,Late Pleistocene,Fossil,2.7,2.7,0.7,NA,NA,NA,NA,Grazer,Grazer,Damaliscus hypsodon,Alcelaphini,Tooth,Not published,Enamel,"Robinson, 2022","Faith et al., 2015","Faith et al., 2015",NA
Eastern Africa,Kenya,Lake Victoria,Karungu,East African,KAR13-137,NA,-0.84,34.16,1148,1151,94000,45000,69500,NA,94-45 ka,Late Pleistocene,Fossil,2.7,2.7,0.1,NA,NA,NA,NA,Grazer,Grazer,Damaliscus hypsodon,Alcelaphini,Tooth,Not published,Enamel,"Robinson, 2022","Faith et al., 2015","Faith et al., 2015",NA
Eastern Africa,Kenya,Lake Victoria,Rusinga and Mfangano Islands,East African,MFP10?75,Kakrigu,-0.4,34.18,1225,1225,100000,45000,72500,NA,100-45 ka,Late Pleistocene,Fossil,0.8,0.8,0.5,NA,NA,NA,NA,Grazer,Grazer,Rusingoryx atopocranion,Alcelaphini,Tooth,Lower Right M3,Enamel,"Robinson, 2022","Garrett et al., 2015",NA,NA
Eastern Africa,Kenya,Lake Victoria,Rusinga and Mfangano Islands,East African,MFP10?06,"Mfangano, no locality",-0.4,34.18,1225,1225,100000,45000,72500,NA,100-45 ka,Late Pleistocene,Fossil,1.3,1.3,0.3,NA,NA,NA,NA,Grazer,Grazer,Connochaetes taurinus,Alcelaphini,Tooth,Lower M,Enamel,"Robinson, 2022","Garrett et al., 2015",NA,NA
Eastern Africa,Kenya,Lake Victoria,Rusinga and Mfangano Islands,East African,MFP10?04,"Mfangano, no locality",-0.4,34.18,1225,1225,100000,45000,72500,NA,100-45 ka,Late Pleistocene,Fossil,2.8,2.8,0.9,NA,NA,NA,NA,Grazer,Grazer,Damaliscus hypsodon,Alcelaphini,Tooth,Lower Right M3,Enamel,"Robinson, 2022","Garrett et al., 2015",NA,NA
Eastern Africa,Kenya,Lake Victoria,Rusinga and Mfangano Islands,East African,RUP10?48,Nyamita,-0.4,34.18,1225,1225,100000,45000,72500,NA,100-45 ka,Late Pleistocene,Fossil,-4.9,-4.9,0.6,NA,NA,NA,NA,Mixed,Grazer,Damaliscus hypsodon,Alcelaphini,Tooth,Lower Right M3,Enamel,"Robinson, 2022","Garrett et al., 2015",NA,NA
Eastern Africa,Kenya,Lake Victoria,Rusinga and Mfangano Islands,East African,RUP10?395,Nyamita,-0.4,34.18,1225,1225,100000,45000,72500,NA,100-45 ka,Late Pleistocene,Fossil,-1.7,-1.7,-0.5,NA,NA,NA,NA,Mixed,Grazer,Damaliscus hypsodon,Alcelaphini,Tooth,Upper Left M2,Enamel,"Robinson, 2022","Garrett et al., 2015",NA,NA
Eastern Africa,Kenya,Lake Victoria,Rusinga and Mfangano Islands,East African,RUP10?343,Nyamita,-0.4,34.18,1225,1225,100000,45000,72500,NA,100-45 ka,Late Pleistocene,Fossil,0.9,0.9,0.1,NA,NA,NA,NA,Grazer,Grazer,Rusingoryx atopocranion,Alcelaphini,Tooth,Upper Right M1,Enamel,"Robinson, 2022","Garrett et al., 2015",NA,NA
Eastern Africa,Kenya,Lake Victoria,Rusinga and Mfangano Islands,East African,RUP10?332,Nyamita,-0.4,34.18,1225,1225,100000,45000,72500,NA,100-45 ka,Late Pleistocene,Fossil,1.7,1.7,1.2,NA,NA,NA,NA,Grazer,Grazer,Megalotragus sp.,Alcelaphini,Tooth,Lower Left M1/M2,Enamel,"Robinson, 2022","Garrett et al., 2015",NA,NA
Eastern Africa,Kenya,Lake Victoria,Rusinga and Mfangano Islands,East African,RUP10?50,Nyamita,-0.4,34.18,1225,1225,100000,45000,72500,NA,100-45 ka,Late Pleistocene,Fossil,1.7,1.7,1.3,NA,NA,NA,NA,Grazer,Grazer,Damaliscus hypsodon,Alcelaphini,Tooth,Upper M,Enamel,"Robinson, 2022","Garrett et al., 2015",NA,NA
Eastern Africa,Kenya,Lake Victoria,Rusinga and Mfangano Islands,East African,RUP10?34,Nyamita,-0.4,34.18,1225,1225,100000,45000,72500,NA,100-45 ka,Late Pleistocene,Fossil,2.1,2.1,1.4,NA,NA,NA,NA,Grazer,Grazer,Damaliscus hypsodon,Alcelaphini,Tooth,Lower Right M3,Enamel,"Robinson, 2022","Garrett et al., 2015",NA,NA
Eastern Africa,Kenya,Lake Victoria,Rusinga and Mfangano Islands,East African,RUP10?335,Nyamita,-0.4,34.18,1225,1225,100000,45000,72500,NA,100-45 ka,Late Pleistocene,Fossil,2.2,2.2,2.4,NA,NA,NA,NA,Grazer,Grazer,Damaliscus hypsodon,Alcelaphini,Tooth,Upper Left M1/M2,Enamel,"Robinson, 2022","Garrett et al., 2015",NA,NA
Eastern Africa,Kenya,Lake Victoria,Rusinga and Mfangano Islands,East African,RU2008?248,Nyamita,-0.4,34.18,1225,1225,100000,45000,72500,NA,100-45 ka,Late Pleistocene,Fossil,3.4,3.4,0.5,NA,NA,NA,NA,Grazer,Grazer,Connochaetes taurinus,Alcelaphini,Tooth,Lower Right M3,Enamel,"Robinson, 2022","Garrett et al., 2015",NA,NA
Eastern Africa,Kenya,Lake Victoria,Rusinga and Mfangano Islands,East African,RUP10?329,Nyamita,-0.4,34.18,1225,1225,100000,45000,72500,NA,100-45 ka,Late Pleistocene,Fossil,3.4,3.4,-0.4,NA,NA,NA,NA,Grazer,Grazer,Damaliscus hypsodon,Alcelaphini,Tooth,Lower Right M,Enamel,"Robinson, 2022","Garrett et al., 2015",NA,NA
Eastern Africa,Kenya,Lake Victoria,Rusinga and Mfangano Islands,East African,RUP10?435,Nyamsingula,-0.4,34.18,1225,1225,100000,45000,72500,NA,100-45 ka,Late Pleistocene,Fossil,-4.4,-4.4,-3.4,NA,NA,NA,NA,Mixed,Grazer,Rusingoryx atopocranion,Alcelaphini,Tooth,Upper Right M1,Enamel,"Robinson, 2022","Garrett et al., 2015",NA,NA
Eastern Africa,Kenya,Lake Victoria,Rusinga and Mfangano Islands,East African,RUP10?240,Nyamsingula,-0.4,34.18,1225,1225,100000,45000,72500,NA,100-45 ka,Late Pleistocene,Fossil,0.9,0.9,-0.6,NA,NA,NA,NA,Grazer,Grazer,Rusingoryx atopocranion,Alcelaphini,Tooth,Lower Right M3,Enamel,"Robinson, 2022","Garrett et al., 2015",NA,NA
Eastern Africa,Kenya,Lake Victoria,Rusinga and Mfangano Islands,East African,RUP10?122,Nyamsingula,-0.4,34.18,1225,1225,100000,45000,72500,NA,100-45 ka,Late Pleistocene,Fossil,1.1,1.1,0.5,NA,NA,NA,NA,Grazer,Grazer,Connochaetes taurinus,Alcelaphini,Tooth,Lower Left M3,Enamel,"Robinson, 2022","Garrett et al., 2015",NA,NA
Eastern Africa,Kenya,Lake Victoria,Rusinga and Mfangano Islands,East African,RU2007?361,Nyamsingula,-0.4,34.18,1225,1225,100000,45000,72500,NA,100-45 ka,Late Pleistocene,Fossil,1.1,1.1,0.6,NA,NA,NA,NA,Grazer,Grazer,Megalotragus sp.,Alcelaphini,Tooth,Lower M,Enamel,"Robinson, 2022","Garrett et al., 2015",NA,NA
Eastern Africa,Kenya,Lake Victoria,Rusinga and Mfangano Islands,East African,RUP2007?364,Nyamsingula,-0.4,34.18,1225,1225,100000,45000,72500,NA,100-45 ka,Late Pleistocene,Fossil,1.2,1.2,0.3,NA,NA,NA,NA,Grazer,Grazer,Rusingoryx atopocranion,Alcelaphini,Tooth,Upper M,Enamel,"Robinson, 2022","Garrett et al., 2015",NA,NA
Eastern Africa,Kenya,Lake Victoria,Rusinga and Mfangano Islands,East African,RUP10?211,Nyamsingula,-0.4,34.18,1225,1225,100000,45000,72500,NA,100-45 ka,Late Pleistocene,Fossil,2.2,2.2,0.2,NA,NA,NA,NA,Grazer,Grazer,Connochaetes taurinus,Alcelaphini,Tooth,Upper Right M,Enamel,"Robinson, 2022","Garrett et al., 2015",NA,NA
Eastern Africa,Kenya,Lake Victoria,Rusinga and Mfangano Islands,East African,RUP10?121,Nyamsingula,-0.4,34.18,1225,1225,100000,45000,72500,NA,100-45 ka,Late Pleistocene,Fossil,2.4,2.4,2.7,NA,NA,NA,NA,Grazer,Grazer,Connochaetes taurinus,Alcelaphini,Tooth,Lower Left M3,Enamel,"Robinson, 2022","Garrett et al., 2015",NA,NA
Eastern Africa,Kenya,Lake Victoria,Rusinga and Mfangano Islands,East African,RUP10?139,Nyamsingula,-0.4,34.18,1225,1225,100000,45000,72500,NA,100-45 ka,Late Pleistocene,Fossil,2.5,2.5,1.2,NA,NA,NA,NA,Grazer,Grazer,Damaliscus hypsodon,Alcelaphini,Tooth,Lower Right M,Enamel,"Robinson, 2022","Garrett et al., 2015",NA,NA
Eastern Africa,Kenya,Lake Victoria,Rusinga and Mfangano Islands,East African,RU2007?421,Nyamsingula,-0.4,34.18,1225,1225,100000,45000,72500,NA,100-45 ka,Late Pleistocene,Fossil,2.5,2.5,3.2,NA,NA,NA,NA,Grazer,Grazer,Connochaetes taurinus,Alcelaphini,Tooth,Lower Left M3,Enamel,"Robinson, 2022","Garrett et al., 2015",NA,NA
Eastern Africa,Kenya,Lake Victoria,Rusinga and Mfangano Islands,East African,RU2006?433,Nyamsingula,-0.4,34.18,1225,1225,100000,45000,72500,NA,100-45 ka,Late Pleistocene,Fossil,3,3,1.2,NA,NA,NA,NA,Grazer,Grazer,Damaliscus hypsodon,Alcelaphini,Tooth,Lower Right M3,Enamel,"Robinson, 2022","Garrett et al., 2015",NA,NA
Eastern Africa,Kenya,Lake Victoria,Rusinga and Mfangano Islands,East African,RUP10?303,Wakondo,-0.4,34.18,1225,1225,100000,45000,72500,NA,100-45 ka,Late Pleistocene,Fossil,0.9,0.9,0.5,NA,NA,NA,NA,Grazer,Grazer,Rusingoryx atopocranion,Alcelaphini,Tooth,Lower Left M1,Enamel,"Robinson, 2022","Garrett et al., 2015",NA,NA
Eastern Africa,Kenya,Lake Victoria,Rusinga and Mfangano Islands,East African,RUW?1A,Wakondo,-0.4,34.18,1225,1225,100000,45000,72500,NA,100-45 ka,Late Pleistocene,Fossil,1,1,0.2,NA,NA,NA,NA,Grazer,Grazer,Rusingoryx atopocranion,Alcelaphini,Tooth,Upper M,Enamel,"Robinson, 2022","Garrett et al., 2015",NA,NA
Eastern Africa,Kenya,Lake Victoria,Rusinga and Mfangano Islands,East African,RUP10?412,Wakondo,-0.4,34.18,1225,1225,100000,45000,72500,NA,100-45 ka,Late Pleistocene,Fossil,1.5,1.5,0.3,NA,NA,NA,NA,Grazer,Grazer,Rusingoryx atopocranion,Alcelaphini,Tooth,Lower M,Enamel,"Robinson, 2022","Garrett et al., 2015",NA,NA
Eastern Africa,Kenya,Lake Victoria,Rusinga and Mfangano Islands,East African,RUP10?406,Wakondo,-0.4,34.18,1225,1225,100000,45000,72500,NA,100-45 ka,Late Pleistocene,Fossil,2.3,2.3,1.2,NA,NA,NA,NA,Grazer,Grazer,Rusingoryx atopocranion,Alcelaphini,Tooth,Lower Left M1,Enamel,"Robinson, 2022","Garrett et al., 2015",NA,NA
Eastern Africa,Kenya,Lake Victoria,Rusinga and Mfangano Islands,East African,1,Waregi,-0.4,34.18,1225,1225,100000,45000,72500,NA,100-45 ka,Late Pleistocene,Fossil,2.8,2.8,2.7,NA,NA,NA,NA,Grazer,Grazer,Connochaetes taurinus,Alcelaphini,Tooth,Upper Left M2,Enamel,"Robinson, 2022","Garrett et al., 2015",NA,NA
Eastern Africa,Kenya,Lake Victoria,Rusinga and Mfangano Islands,East African,RU2009?3,NA,-0.4,34.18,1225,1225,100000,45000,72500,NA,100-45 ka,Late Pleistocene,Fossil,1.9,1.9,-0.4,NA,NA,NA,NA,Grazer,Grazer,Megalotragus sp.,Alcelaphini,Tooth,M,Enamel,"Robinson, 2022","Garrett et al., 2015",NA,NA
Eastern Africa,Kenya,Lake Victoria,Rusinga and Mfangano Islands,East African,RUP10?47,NA,-0.4,34.18,1225,1225,100000,45000,72500,NA,100-45 ka,Late Pleistocene,Fossil,2.5,2.5,0.2,NA,NA,NA,NA,Grazer,Grazer,Rusingoryx atopocranion,Alcelaphini,Tooth,Upper Right M2,Enamel,"Robinson, 2022","Garrett et al., 2015",NA,NA
Eastern Africa,Kenya,NA,Karungu,East African,KR13-13,NA,-0.84,34.16,1148,1151,94000,45000,69500,NA,NA,Late Pleistocene,Fossil,-0.6,-0.6,-0.7,NA,NA,NA,NA,Unknown,Unknown,Tachyoryctes splendens,Tachyoryctini_Karungu,Tooth,NA,Enamel,"Faith et al., 2015","Faith et al., 2015","Faith et al., 2015",NA
Eastern Africa,Kenya,NA,Karungu,East African,KR13-14,NA,-0.84,34.16,1148,1151,94000,45000,69500,NA,NA,Late Pleistocene,Fossil,-2.2,-2.2,-2.7,NA,NA,NA,NA,Unknown,Unknown,Tachyoryctes splendens,Tachyoryctini_Karungu,Tooth,NA,Enamel,"Faith et al., 2015","Faith et al., 2015","Faith et al., 2015",NA
Eastern Africa,Kenya,NA,Karungu,East African,KR13-17,NA,-0.84,34.16,1148,1151,94000,45000,69500,NA,NA,Late Pleistocene,Fossil,-2.5,-2.5,0.7,NA,NA,NA,NA,Unknown,Unknown,Tachyoryctes splendens,Tachyoryctini_Karungu,Tooth,NA,Enamel,"Faith et al., 2015","Faith et al., 2015","Faith et al., 2015",NA
Eastern Africa,Kenya,NA,Karungu,East African,KR13-18,NA,-0.84,34.16,1148,1151,94000,45000,69500,NA,NA,Late Pleistocene,Fossil,-0.2,-0.2,-0.2,NA,NA,NA,NA,Unknown,Unknown,Tachyoryctes splendens,Tachyoryctini_Karungu,Tooth,NA,Enamel,"Faith et al., 2015","Faith et al., 2015","Faith et al., 2015",NA
Eastern Africa,Kenya,NA,Karungu,East African,KR13-19,NA,-0.84,34.16,1148,1151,94000,45000,69500,NA,NA,Late Pleistocene,Fossil,-0.4,-0.4,-1.4,NA,NA,NA,NA,Unknown,Unknown,Tachyoryctes splendens,Tachyoryctini_Karungu,Tooth,NA,Enamel,"Faith et al., 2015","Faith et al., 2015","Faith et al., 2015",NA
Eastern Africa,Kenya,NA,Karungu,East African,KR13-31,NA,-0.84,34.16,1148,1151,94000,45000,69500,NA,NA,Late Pleistocene,Fossil,0.1,0.1,-0.2,NA,NA,NA,NA,Unknown,Unknown,Tachyoryctes splendens,Tachyoryctini_Karungu,Tooth,NA,Enamel,"Faith et al., 2015","Faith et al., 2015","Faith et al., 2015",NA
Eastern Africa,Kenya,NA,Karungu,East African,KR13-36,NA,-0.84,34.16,1148,1151,94000,45000,69500,NA,NA,Late Pleistocene,Fossil,-1.4,-1.4,-0.8,NA,NA,NA,NA,Unknown,Unknown,Tachyoryctes splendens,Tachyoryctini_Karungu,Tooth,NA,Enamel,"Faith et al., 2015","Faith et al., 2015","Faith et al., 2015",NA
Eastern Africa,Kenya,NA,Karungu,East African,KR13-37,NA,-0.84,34.16,1148,1151,94000,45000,69500,NA,NA,Late Pleistocene,Fossil,-2.9,-2.9,-1.4,NA,NA,NA,NA,Unknown,Unknown,Tachyoryctes splendens,Tachyoryctini_Karungu,Tooth,NA,Enamel,"Faith et al., 2015","Faith et al., 2015","Faith et al., 2015",NA
Eastern Africa,Kenya,NA,Karungu,East African,KR13-38,NA,-0.84,34.16,1148,1151,94000,45000,69500,NA,NA,Late Pleistocene,Fossil,-2.2,-2.2,-1.2,NA,NA,NA,NA,Unknown,Unknown,Tachyoryctes splendens,Tachyoryctini_Karungu,Tooth,NA,Enamel,"Faith et al., 2015","Faith et al., 2015","Faith et al., 2015",NA
Eastern Africa,Kenya,NA,Karungu,East African,KR13-41,NA,-0.84,34.16,1148,1151,94000,45000,69500,NA,NA,Late Pleistocene,Fossil,-0.6,-0.6,-0.7,NA,NA,NA,NA,Unknown,Unknown,Tachyoryctes splendens,Tachyoryctini_Karungu,Tooth,NA,Enamel,"Faith et al., 2015","Faith et al., 2015","Faith et al., 2015",NA
Eastern Africa,Kenya,NA,Karungu,East African,KR13-43,NA,-0.84,34.16,1148,1151,94000,45000,69500,NA,NA,Late Pleistocene,Fossil,-2.3,-2.3,-1.1,NA,NA,NA,NA,Unknown,Unknown,Tachyoryctes splendens,Tachyoryctini_Karungu,Tooth,NA,Enamel,"Faith et al., 2015","Faith et al., 2015","Faith et al., 2015",NA
Eastern Africa,Kenya,NA,Karungu,East African,KR13-52,NA,-0.84,34.16,1148,1151,94000,45000,69500,NA,NA,Late Pleistocene,Fossil,-3.8,-3.8,-0.9,NA,NA,NA,NA,Unknown,Unknown,Tachyoryctes splendens,Tachyoryctini_Karungu,Tooth,NA,Enamel,"Faith et al., 2015","Faith et al., 2015","Faith et al., 2015",NA
Eastern Africa,Kenya,NA,Karungu,East African,KR13-75,NA,-0.84,34.16,1148,1151,94000,45000,69500,NA,NA,Late Pleistocene,Fossil,-0.7,-0.7,-1.2,NA,NA,NA,NA,Unknown,Unknown,Tachyoryctes splendens,Tachyoryctini_Karungu,Tooth,NA,Enamel,"Faith et al., 2015","Faith et al., 2015","Faith et al., 2015",NA
Eastern Africa,Kenya,NA,Karungu,East African,KR13-82-1,NA,-0.84,34.16,1148,1151,94000,45000,69500,NA,NA,Late Pleistocene,Fossil,-2.6,-2.6,0,NA,NA,NA,NA,Unknown,Unknown,Tachyoryctes splendens,Tachyoryctini_Karungu,Tooth,NA,Enamel,"Faith et al., 2015","Faith et al., 2015","Faith et al., 2015",NA
Eastern Africa,Kenya,NA,Karungu,East African,KR13-82-2,NA,-0.84,34.16,1148,1151,94000,45000,69500,NA,NA,Late Pleistocene,Fossil,-0.3,-0.3,-1.2,NA,NA,NA,NA,Unknown,Unknown,Tachyoryctes splendens,Tachyoryctini_Karungu,Tooth,NA,Enamel,"Faith et al., 2015","Faith et al., 2015","Faith et al., 2015",NA
Eastern Africa,Kenya,NA,Karungu,East African,KR13-82-3,NA,-0.84,34.16,1148,1151,94000,45000,69500,NA,NA,Late Pleistocene,Fossil,-0.1,-0.1,-1.1,NA,NA,NA,NA,Unknown,Unknown,Tachyoryctes splendens,Tachyoryctini_Karungu,Tooth,NA,Enamel,"Faith et al., 2015","Faith et al., 2015","Faith et al., 2015",NA
Eastern Africa,Kenya,NA,Karungu,East African,KR13-84,NA,-0.84,34.16,1148,1151,94000,45000,69500,NA,NA,Late Pleistocene,Fossil,-1.3,-1.3,0.5,NA,NA,NA,NA,Unknown,Unknown,Tachyoryctes splendens,Tachyoryctini_Karungu,Tooth,NA,Enamel,"Faith et al., 2015","Faith et al., 2015","Faith et al., 2015",NA
Eastern Africa,Ethiopia,Bale Mountains,Fincha Habera,East African,964,"Square F15, Layer FHL-08 upper",7.015,39.72,3469,3468,40500,31000,35750,Calibrated c14 range of Layer FHL-08,NA,Late Pleistocene,Fossil,-20.58,-12.18,NA,5.27,27.34,9.97,3.2,Unknown,Unknown,Tachyoryctes macrocephalus,Tachyoryctini_Bale,Bone,mandible(right),Collagen,"Reuber et al., In prep",NA,"Ossendorf et al., 2023",NA
Eastern Africa,Ethiopia,Bale Mountains,Fincha Habera,East African,1004,"Square F15, Layer FHL-08 lower",7.015,39.72,3469,3468,40500,31000,35750,Calibrated c14 range of Layer FHL-08,NA,Late Pleistocene,Fossil,-19.57,-11.17,NA,6.88,24.51,8.89,3.22,Unknown,Unknown,Tachyoryctes macrocephalus,Tachyoryctini_Bale,Bone,mandible(right),Collagen,"Reuber et al., In prep",NA,"Ossendorf et al., 2023",NA
Eastern Africa,Ethiopia,Bale Mountains,Fincha Habera,East African,681,"Square F13, Layer FHL-08 lower",7.015,39.72,3469,3468,47166,41781,44474,"Calibrated c14 of specimen, range is 2-sigma; UCIAMS-266008",NA,Late Pleistocene,Fossil,-20.25,-11.85,NA,5.75,42.1,15.2,3.23,Unknown,Unknown,Tachyoryctes macrocephalus,Tachyoryctini_Bale,Bone,mandible(left),Collagen,"Reuber et al., In prep",NA,"Reuber et al., In prep",NA
Eastern Africa,Ethiopia,Bale Mountains,Fincha Habera,East African,678,"Square F13, Layer FHL-09",7.015,39.72,3469,3468,46479,41757,44118,"Calibrated c14 of specimen, range is 2-sigma; UCIAMS-266009",NA,Late Pleistocene,Fossil,-20.91,-12.51,NA,4.66,38.2,13.8,3.22,Unknown,Unknown,Tachyoryctes macrocephalus,Tachyoryctini_Bale,Bone,mandible(right),Collagen,"Reuber et al., In prep",NA,"Reuber et al., In prep",NA
Eastern Africa,Ethiopia,Bale Mountains,Fincha Habera,East African,1064,"Square F15, Layer FHL-09",7.015,39.72,3469,3468,42318,39501,40910,"Calibrated c14 of specimen, range is 2-sigma; UCIAMS-266010",NA,Late Pleistocene,Fossil,-20.11,-11.71,NA,5.44,38.6,14.1,3.2,Unknown,Unknown,Tachyoryctes macrocephalus,Tachyoryctini_Bale,Bone,mandible,Collagen,"Reuber et al., In prep",NA,"Reuber et al., In prep",NA
Eastern Africa,Ethiopia,Bale Mountains,Fincha Habera,East African,511,"Square F15, Layer FHL-08 upper",7.015,39.72,3469,3468,40500,31000,35750,Calibrated c14 range of Layer FHL-08,NA,Late Pleistocene,Fossil,-21.31,-12.91,NA,4.03,3.48,1.13,3.58,Unknown,Unknown,Tachyoryctes macrocephalus,Tachyoryctini_Bale,Bone,mandible(left),Collagen,"Reuber et al., In prep",NA,"Ossendorf et al., 2023",NA
Eastern Africa,Ethiopia,Bale Mountains,Fincha Habera,East African,680,"Square F13, Layer FHL-08 lower",7.015,39.72,3469,3468,40500,31000,35750,Calibrated c14 range of Layer FHL-08,NA,Late Pleistocene,Fossil,-20.33,-11.93,NA,6.95,20.3,7.29,3.25,Unknown,Unknown,Tachyoryctes macrocephalus,Tachyoryctini_Bale,Bone,mandible(left),Collagen,"Reuber et al., In prep",NA,"Ossendorf et al., 2023",NA
Eastern Africa,Ethiopia,Bale Mountains,Fincha Habera,East African,989,"Square F15, Layer FHL-08 upper",7.015,39.72,3469,3468,43328,40144,41736,"Calibrated c14 of specimen, range is 2-sigma; UCIAMS-266011",NA,Late Pleistocene,Fossil,-20.31,-11.91,NA,5.65,36,13.2,3.19,Unknown,Unknown,Tachyoryctes macrocephalus,Tachyoryctini_Bale,Bone,mandible(right),Collagen,"Reuber et al., In prep",NA,"Reuber et al., In prep",NA
Eastern Africa,Ethiopia,Bale Mountains,Fincha Habera,East African,659,"Square F13, Layer FHL-08 upper",7.015,39.72,3469,3468,40500,31000,35750,Calibrated c14 range of Layer FHL-08,NA,Late Pleistocene,Fossil,-20.29,-11.89,NA,6.33,21.6,7.9,3.19,Unknown,Unknown,Tachyoryctes macrocephalus,Tachyoryctini_Bale,Bone,mandible(left),Collagen,"Reuber et al., In prep",NA,"Ossendorf et al., 2023",NA
Eastern Africa,Ethiopia,Bale Mountains,Fincha Habera,East African,689,"Square F13, Layer FHL-08 upper",7.015,39.72,3469,3468,40500,31000,35750,Calibrated c14 range of Layer FHL-08,NA,Late Pleistocene,Fossil,-19.75,-11.35,NA,5.27,26.01,9.53,3.18,Unknown,Unknown,Tachyoryctes macrocephalus,Tachyoryctini_Bale,Bone,mandible(left),Collagen,"Reuber et al., In prep",NA,"Ossendorf et al., 2023",NA
Eastern Africa,Ethiopia,Bale Mountains,Fincha Habera,East African,677,"Square F13, Layer FHL-08 lower",7.015,39.72,3469,3468,44191,40689,42440,"Calibrated c14 of specimen, range is 2-sigma; UCIAMS-266012",NA,Late Pleistocene,Fossil,-20.08,-11.68,NA,6.27,39.5,14.2,3.25,Unknown,Unknown,Tachyoryctes macrocephalus,Tachyoryctini_Bale,Bone,mandible(right),Collagen,"Reuber et al., In prep",NA,"Reuber et al., In prep",NA
Eastern Africa,Ethiopia,Bale Mountains,Fincha Habera,East African,1003,"Square F15, Layer FHL-08 lower",7.015,39.72,3469,3468,40500,31000,35750,Calibrated c14 range of Layer FHL-08,NA,Late Pleistocene,Fossil,-20.51,-12.11,NA,4.47,3.72,1.23,3.52,Unknown,Unknown,Tachyoryctes macrocephalus,Tachyoryctini_Bale,Bone,mandible(right),Collagen,"Reuber et al., In prep",NA,"Ossendorf et al., 2023",NA
Eastern Africa,Ethiopia,Bale Mountains,Fincha Habera,East African,966,"Square F15, Layer FHL-08 upper",7.015,39.72,3469,3468,33051,31221,32136,"Calibrated c14 of specimen, range is 2-sigma; UCIAMS-266013",NA,Late Pleistocene,Fossil,-20.04,-11.64,NA,5.57,35,12.5,3.27,Unknown,Unknown,Tachyoryctes macrocephalus,Tachyoryctini_Bale,Bone,mandible(left),Collagen,"Reuber et al., In prep",NA,"Reuber et al., In prep",NA
Eastern Africa,Ethiopia,Bale Mountains,Fincha Habera,East African,1026,"Square F15, Layer FHL-08 lower",7.015,39.72,3469,3468,41021,37266,39144,"Calibrated c14 of specimen, range is 2-sigma; UCIAMS-266014",NA,Late Pleistocene,Fossil,-20.15,-11.75,NA,9.23,34.7,12.3,3.3,Unknown,Unknown,Tachyoryctes macrocephalus,Tachyoryctini_Bale,Bone,mandible(right),Collagen,"Reuber et al., In prep",NA,"Reuber et al., In prep",NA
Eastern Africa,Ethiopia,Bale Mountains,Fincha Habera,East African,619,"Square F13, Layer FHL-09",7.015,39.72,3469,3468,47000,42500,44750,Calibrated c14 range of Layer FHL-09,NA,Late Pleistocene,Fossil,-19.29,-10.89,NA,7.49,28.1,10.29,3.19,Unknown,Unknown,Tachyoryctes macrocephalus,Tachyoryctini_Bale,Bone,mandible(left),Collagen,"Reuber et al., In prep",NA,"Ossendorf et al., 2023",NA
Eastern Africa,Ethiopia,Bale Mountains,Fincha Habera,East African,650,"Square F13, Layer FHL-08 upper",7.015,39.72,3469,3468,40500,31000,35750,Calibrated c14 range of Layer FHL-08,NA,Late Pleistocene,Fossil,-20.25,-11.85,NA,4.95,8.3,2.89,3.35,Unknown,Unknown,Tachyoryctes macrocephalus,Tachyoryctini_Bale,Bone,mandible(right),Collagen,"Reuber et al., In prep",NA,"Ossendorf et al., 2023",NA
Eastern Africa,Ethiopia,Bale Mountains,Fincha Habera,East African,518,"Square F13, Layer FHL-08 upper",7.015,39.72,3469,3468,40500,31000,35750,Calibrated c14 range of Layer FHL-08,NA,Late Pleistocene,Fossil,-19.03,-10.63,NA,7.7,35.41,12.95,3.19,Unknown,Unknown,Tachyoryctes macrocephalus,Tachyoryctini_Bale,Bone,mandible(left),Collagen,"Reuber et al., In prep",NA,"Ossendorf et al., 2023",NA
