model_cat,model,orig_index,rank,orig_score,oos_score,oos_score_test,worst_residual
winner_0_ranked,W0_M1,1,1,14490.96226,6903.386773,7238.659067,68.65171243
winner_0_ranked,W0_M2,2,2,15423.18061,8147.995919,8445.595076,92.67350962
winner_1_ranked,W1_M1,2,1,6356.902242,3354.957226,3492.901258,67.17492611
winner_1_ranked,W1_M2,4,2,6388.553155,3323.600226,3516.221905,68.65171243
winner_1_ranked,W1_M3,1,3,7934.166244,3793.881236,4099.049907,68.65171243
winner_1_ranked,W1_M4,3,4,7993.842157,3816.701689,4126.286281,68.65171243
winner_1_ranked,W1_M5,5,5,11880.50582,6340.015202,6550.230821,68.65171243
winner_2_ranked,W2_M1,1,1,1910.770408,910.7343722,1057.402139,38.20015017
winner_2_ranked,W2_M2,18,2,2159.271915,1085.87249,1224.141671,37.64504949
winner_2_ranked,W2_M3,3,3,2334.691028,1054.044421,1229.990509,43.14309351
winner_2_ranked,W2_M4,7,4,2680.244683,1329.236171,1490.784554,37.50749392
winner_2_ranked,W2_M5,8,5,2753.853945,1387.610169,1549.459744,37.11537589
winner_2_ranked,W2_M6,13,6,2783.144492,1295.470756,1484.031711,43.14309351
winner_2_ranked,W2_M7,2,7,2791.895574,1314.697317,1504.679905,43.14309351
winner_2_ranked,W2_M8,9,8,2833.838787,1339.110231,1500.659306,43.14309351
winner_2_ranked,W2_M9,16,9,4216.000701,2298.889769,2412.610479,34.78884538
winner_2_ranked,W2_M10,5,10,4661.442772,1896.598538,2247.058715,50.40804679
winner_2_ranked,W2_M11,10,11,5997.611641,2844.852826,3053.027939,62.65191747
winner_2_ranked,W2_M12,19,12,6010.944897,2980.179313,3144.646109,64.6013908
winner_2_ranked,W2_M13,20,13,6279.056742,3234.599708,3425.792293,68.65171243
winner_2_ranked,W2_M14,4,14,6297.420934,2962.672677,3159.23206,68.65171243
winner_2_ranked,W2_M15,15,15,6319.657511,3304.878855,3519.522137,68.65171243
winner_2_ranked,W2_M16,14,16,6319.657513,3304.878855,3519.523046,68.65171243
winner_2_ranked,W2_M17,6,17,6708.587105,3584.474495,3738.677645,68.65171243
winner_2_ranked,W2_M18,12,18,7040.597624,4012.25913,4196.099169,74.18464764
winner_2_ranked,W2_M19,17,19,7783.053947,3640.146542,3894.035294,62.65191747
winner_2_ranked,W2_M20,11,20,10344.04745,5120.406443,5324.715148,62.65191747
winner_3_ranked,W3_M1,6,1,663.8975503,354.9400514,398.4108964,19.78340591
winner_3_ranked,W3_M2,1,2,756.4996353,412.5246717,446.1413711,22.54173103
winner_3_ranked,W3_M3,7,3,937.9376368,458.4431312,570.4574715,25.06907459
winner_3_ranked,W3_M4,31,4,972.5344295,509.5523957,550.8234621,21.63266368
winner_3_ranked,W3_M5,13,5,1017.743225,435.1004132,550.2898486,25.15314371
winner_3_ranked,W3_M6,24,6,1076.913694,486.6513895,659.2287005,24.56030086
winner_3_ranked,W3_M7,26,7,1080.178956,501.442426,678.4812785,24.56030086
winner_3_ranked,W3_M8,20,8,1080.178956,489.8402785,662.3077733,24.56030086
winner_3_ranked,W3_M9,15,9,1137.783217,606.9949421,626.7165854,23.13929956
winner_3_ranked,W3_M10,16,10,1142.091613,484.856598,665.5237726,29.4284391
winner_3_ranked,W3_M11,2,11,1161.898748,595.8869003,638.9793564,22.79005268
winner_3_ranked,W3_M12,5,12,1177.228688,626.2307936,676.4486266,22.7719289
winner_3_ranked,W3_M13,22,13,1180.967866,632.4657333,675.1675631,22.8756222
winner_3_ranked,W3_M14,23,14,1352.647802,594.5598017,762.9685363,29.4284391
winner_3_ranked,W3_M15,32,15,1352.650898,594.5634568,762.9169106,29.4284391
winner_3_ranked,W3_M16,14,16,1352.679838,594.5598864,762.9906612,29.4284391
winner_3_ranked,W3_M17,8,17,1408.036003,698.9314718,806.0715187,24.86310081
winner_3_ranked,W3_M18,34,18,1410.226888,701.3241199,808.0785017,24.77433282
winner_3_ranked,W3_M19,21,19,1434.104978,628.2196157,770.2414056,29.4284391
winner_3_ranked,W3_M20,12,20,1459.227027,613.5964951,818.1217932,29.4284391
winner_3_ranked,W3_M21,9,21,1544.598318,741.0664362,904.420055,30.17811426
winner_3_ranked,W3_M22,4,22,1780.300584,865.2651108,1036.181509,32.96586304
winner_3_ranked,W3_M23,3,23,1780.300585,852.9620045,1021.934223,32.96586304
winner_3_ranked,W3_M24,30,24,1804.887646,817.691576,1005.604934,29.4284391
winner_3_ranked,W3_M25,17,25,1810.033898,878.6057988,1002.113169,38.09181726
winner_3_ranked,W3_M26,11,26,1835.790493,890.0740015,1025.747659,32.96586304
winner_3_ranked,W3_M27,29,27,1860.025853,895.3077944,1037.900525,37.78898219
winner_3_ranked,W3_M28,35,28,1861.013076,898.6011078,1037.02505,37.83310506
winner_3_ranked,W3_M29,18,29,1861.019504,898.6053629,1036.980816,37.83339475
winner_3_ranked,W3_M30,28,30,2025.222499,760.7909749,988.7282069,43.14309351
winner_3_ranked,W3_M31,25,31,2025.270453,860.8877958,1119.096394,43.14309351
winner_3_ranked,W3_M32,19,32,2054.131576,976.6912052,1148.073775,32.96586304
winner_3_ranked,W3_M33,33,33,2059.099125,884.4366696,1116.579235,43.14309351
winner_3_ranked,W3_M34,36,34,2077.654245,1051.959403,1165.368582,37.1092065
winner_3_ranked,W3_M35,27,35,2440.059937,1122.07153,1315.776281,43.14309351
winner_3_ranked,W3_M36,10,36,2447.656939,1211.035497,1307.862577,31.07481576
winner_4_ranked,W4_M1,71,1,153.4611109,86.6424078,124.0367352,10.33346461
winner_4_ranked,W4_M2,40,2,153.4611109,86.6424078,124.0368644,10.33346461
winner_4_ranked,W4_M3,22,3,153.4611114,86.64240779,124.0366318,10.33346461
winner_4_ranked,W4_M4,7,4,153.4656966,86.64930527,123.73513,10.33346461
winner_4_ranked,W4_M5,44,5,153.4656967,86.64930526,123.7353039,10.33346461
winner_4_ranked,W4_M6,55,6,153.4656979,86.64930527,123.7354581,10.33346461
winner_4_ranked,W4_M7,68,7,153.5622625,86.70868056,123.9453512,10.33346461
winner_4_ranked,W4_M8,8,8,153.5622665,71.85798664,115.1775462,10.33346461
winner_4_ranked,W4_M9,45,9,153.5813259,71.8472954,115.2121034,10.33346461
winner_4_ranked,W4_M10,28,10,153.5813283,86.69831176,123.8655643,10.33346461
winner_4_ranked,W4_M11,20,11,153.5813289,89.11074204,125.1581439,10.33346461
winner_4_ranked,W4_M12,51,12,160.1265816,93.37420901,127.5573799,10.33346461
winner_4_ranked,W4_M13,3,13,163.522385,96.09181837,131.8910875,10.33346461
winner_4_ranked,W4_M14,1,14,172.3255507,59.66703028,173.4883804,8.43327692
winner_4_ranked,W4_M15,57,15,189.8072527,102.0536813,138.6712243,10.33346461
winner_4_ranked,W4_M16,11,16,209.0866068,114.891707,150.6751374,10.33346461
winner_4_ranked,W4_M17,62,17,217.2889074,131.0638814,161.3498933,10.33346461
winner_4_ranked,W4_M18,2,18,223.5994726,134.6466323,164.6448789,10.33346461
winner_4_ranked,W4_M19,12,19,227.8821701,142.0629001,165.0935349,10.33346461
winner_4_ranked,W4_M20,5,20,249.5274454,104.9388748,192.8306993,11.99917789
winner_4_ranked,W4_M21,74,21,274.8285494,134.3691069,224.4871302,10.12808649
winner_4_ranked,W4_M22,54,22,278.3845187,134.3684054,225.34636,9.928144947
winner_4_ranked,W4_M23,35,23,280.8658378,127.3332171,234.7855565,14.5507724
winner_4_ranked,W4_M24,19,24,326.6486521,183.3786589,246.6766504,11.05201942
winner_4_ranked,W4_M25,72,25,345.9154447,173.3870613,263.7227052,13.13866559
winner_4_ranked,W4_M26,31,26,345.9321937,171.6559013,262.5299665,13.13105466
winner_4_ranked,W4_M27,37,27,347.2078376,201.1802666,238.0728334,12.45985614
winner_4_ranked,W4_M28,63,28,348.6543806,164.158201,275.2578824,13.29566299
winner_4_ranked,W4_M29,46,29,351.8924419,174.5304402,239.7417971,15.05950403
winner_4_ranked,W4_M30,23,30,355.8506814,167.0468905,235.4562691,11.34627743
winner_4_ranked,W4_M31,59,31,355.8506819,134.9500054,201.469245,11.07119254
winner_4_ranked,W4_M32,14,32,355.8506826,167.0468907,235.4560915,11.34617927
winner_4_ranked,W4_M33,13,33,365.7302704,179.3136012,250.5146299,11.74980274
winner_4_ranked,W4_M34,67,34,394.8226479,168.0642963,286.5613791,11.48348435
winner_4_ranked,W4_M35,39,35,430.8539409,263.8137142,294.6553767,14.05860126
winner_4_ranked,W4_M36,32,36,437.4165956,211.2424498,309.0007712,16.61697902
winner_4_ranked,W4_M37,18,37,523.5507174,222.0478855,333.2129698,18.16764258
winner_4_ranked,W4_M38,27,38,529.5713714,222.5847034,337.2803673,18.00146196
winner_4_ranked,W4_M39,42,39,530.7424965,226.2404873,330.6007093,19.88440827
winner_4_ranked,W4_M40,4,40,530.7553374,181.9036938,276.8607703,19.74617937
winner_4_ranked,W4_M41,47,41,538.468907,242.5030719,361.8162285,19.53093381
winner_4_ranked,W4_M42,70,42,544.1256526,297.0631227,334.0004128,11.78557756
winner_4_ranked,W4_M43,38,43,545.1183584,236.6038409,366.5075676,19.78344148
winner_4_ranked,W4_M44,78,44,551.8398885,293.7621787,348.1764437,16.32608188
winner_4_ranked,W4_M45,77,45,555.594255,267.7380055,339.5109982,16.37043
winner_4_ranked,W4_M46,6,46,567.1294756,280.2798472,319.3627748,14.27660017
winner_4_ranked,W4_M47,73,47,567.5460618,280.513262,318.4320351,14.31996605
winner_4_ranked,W4_M48,29,48,588.9863223,313.3233835,313.5371689,16.2769239
winner_4_ranked,W4_M49,24,49,595.6052172,293.5415297,340.0872491,15.09887448
winner_4_ranked,W4_M50,53,50,621.7823451,322.6427695,389.1274035,19.76190255
winner_4_ranked,W4_M51,17,51,670.0873713,356.7926248,400.5616709,19.62028791
winner_4_ranked,W4_M52,10,52,674.8359534,281.213438,418.6704945,21.29084471
winner_4_ranked,W4_M53,69,53,689.9106068,296.8459572,398.4970346,22.81081028
winner_4_ranked,W4_M54,49,54,690.0433907,296.9130561,398.7398127,22.81081028
winner_4_ranked,W4_M55,58,55,692.0383231,295.9586613,400.135377,22.81081028
winner_4_ranked,W4_M56,52,56,692.0875304,304.297452,408.7425673,22.81081028
winner_4_ranked,W4_M57,9,57,692.1195054,297.2377916,398.6180722,22.81081028
winner_4_ranked,W4_M58,15,58,692.1438426,297.245015,398.9229503,22.81081028
winner_4_ranked,W4_M59,61,59,692.1853185,297.2715672,398.2404459,22.81081028
winner_4_ranked,W4_M60,16,60,692.185893,297.2779458,398.7193785,22.81081028
winner_4_ranked,W4_M61,34,61,692.1876089,302.8973123,408.2745155,22.81081028
winner_4_ranked,W4_M62,60,62,699.1321262,267.5663832,436.4548506,18.31396002
winner_4_ranked,W4_M63,41,63,711.5979254,316.4328918,418.2387422,22.81081028
winner_4_ranked,W4_M64,50,64,725.4862797,304.1768074,436.2189715,21.29084471
winner_4_ranked,W4_M65,65,65,729.0511793,312.6699252,447.0642907,21.29084471
winner_4_ranked,W4_M66,21,66,749.5398689,352.7220336,421.1173631,18.25570973
winner_4_ranked,W4_M67,33,67,778.8658769,362.2672764,461.5626519,22.81081028
winner_4_ranked,W4_M68,26,68,899.6191574,431.6063935,573.2595431,24.56030086
winner_4_ranked,W4_M69,75,69,928.7298538,430.4623909,525.9175813,25.65372019
winner_4_ranked,W4_M70,66,70,931.9050021,426.5137564,568.8568731,19.00538709
winner_4_ranked,W4_M71,48,71,951.5670904,491.6326296,569.6426548,21.29084471
winner_4_ranked,W4_M72,36,72,1013.337244,439.4169824,591.4433198,29.4284391
winner_4_ranked,W4_M73,56,73,1131.828199,619.6871233,651.207061,22.5610245
winner_4_ranked,W4_M74,30,74,1159.790528,534.8028825,679.5861158,21.29084471
winner_4_ranked,W4_M75,64,75,1190.674624,558.4185546,702.9961589,21.29084471
winner_4_ranked,W4_M76,76,76,1503.336065,549.9144611,688.5271272,32.96586304
winner_4_ranked,W4_M77,43,77,1742.566321,858.1787481,964.2749041,37.26965903
winner_4_ranked,W4_M78,25,78,1988.318418,848.4174541,1086.663662,43.14309351
winner_5_ranked,W5_M1,16,1,12.81886078,9.089484966,76.77789962,2.463154566
winner_5_ranked,W5_M2,28,2,18.43786876,11.95820848,79.46905108,3.565815413
winner_5_ranked,W5_M3,45,3,18.45774666,11.97205061,79.29505137,3.565815413
winner_5_ranked,W5_M4,23,4,18.54987518,12.02595006,79.01133922,3.565815413
winner_5_ranked,W5_M5,35,5,18.5702254,12.03690102,79.09775102,3.565815413
winner_5_ranked,W5_M6,86,6,18.57022642,12.03690071,79.09713497,3.565815413
winner_5_ranked,W5_M7,81,7,20.73675654,16.97438991,74.95719778,3.565815413
winner_5_ranked,W5_M8,21,8,21.14529312,16.9219246,75.81728195,3.565815413
winner_5_ranked,W5_M9,25,9,28.4939676,17.67530489,83.53483746,3.565815413
winner_5_ranked,W5_M10,31,10,47.47037852,21.14805264,97.50883875,5.692181553
winner_5_ranked,W5_M11,46,11,52.68823835,31.23732413,89.28473533,6.62920849
winner_5_ranked,W5_M12,66,12,59.78986954,24.27741671,93.36484385,6.182885657
winner_5_ranked,W5_M13,18,13,62.10183307,30.20742261,108.013,6.182885657
winner_5_ranked,W5_M14,75,14,62.25963396,31.01888774,109.0223243,6.182885657
winner_5_ranked,W5_M15,47,15,62.30855809,31.30811464,106.6518735,6.182885657
winner_5_ranked,W5_M16,69,16,62.31636915,31.32152169,106.6129698,6.182885657
winner_5_ranked,W5_M17,3,17,63.29402343,35.67282011,101.6649638,6.182885657
winner_5_ranked,W5_M18,84,18,64.65319475,26.13916043,113.7358175,6.182885657
winner_5_ranked,W5_M19,33,19,65.79814012,25.55928191,108.2262776,6.015959716
winner_5_ranked,W5_M20,42,20,65.98896078,27.48605274,110.4495787,6.182885657
winner_5_ranked,W5_M21,67,21,66.44576049,29.68813023,103.3079667,5.949758005
winner_5_ranked,W5_M22,91,22,66.50507803,25.99366916,121.3890057,6.182885657
winner_5_ranked,W5_M23,13,23,66.55267209,26.00859759,121.5037533,6.182885657
winner_5_ranked,W5_M24,54,24,67.04498147,27.06941866,123.2226639,6.182885657
winner_5_ranked,W5_M25,32,25,67.86364123,30.8507199,116.5758984,6.182885657
winner_5_ranked,W5_M26,74,26,68.45288488,30.08058509,105.3152174,6.182885657
winner_5_ranked,W5_M27,53,27,68.55146364,31.09657809,117.405128,6.182885657
winner_5_ranked,W5_M28,83,28,71.29876314,29.83437494,112.4596252,6.182885657
winner_5_ranked,W5_M29,73,29,71.39930035,31.82570605,123.1183787,6.182885657
winner_5_ranked,W5_M30,9,30,71.86742107,33.87164117,122.3253969,6.182885657
winner_5_ranked,W5_M31,48,31,73.24396611,30.32834808,119.8894995,6.182885657
winner_5_ranked,W5_M32,68,32,75.12573916,41.38029215,110.2376388,6.182885657
winner_5_ranked,W5_M33,10,33,76.90283088,26.4851056,121.7182466,6.182885657
winner_5_ranked,W5_M34,40,34,76.93348308,26.51387845,122.8962241,6.182885657
winner_5_ranked,W5_M35,39,35,77.52212552,26.80833085,105.4437939,6.471738743
winner_5_ranked,W5_M36,24,36,77.56749998,33.20158725,118.2702455,6.471738743
winner_5_ranked,W5_M37,26,37,77.70352358,30.08788295,121.648193,6.471738743
winner_5_ranked,W5_M38,94,38,79.04723985,33.65638846,119.3756527,6.471738743
winner_5_ranked,W5_M39,6,39,80.48027948,32.97993517,114.1187658,6.182885657
winner_5_ranked,W5_M40,12,40,80.53548269,33.01352761,113.7488676,6.182885657
winner_5_ranked,W5_M41,76,41,80.66642275,33.09992811,113.2166308,6.182885657
winner_5_ranked,W5_M42,49,42,80.7404253,33.12274728,113.1193888,6.182885657
winner_5_ranked,W5_M43,63,43,81.67056369,29.15540832,131.0869934,6.471738743
winner_5_ranked,W5_M44,36,44,88.82649502,40.31666207,119.1175306,6.799091562
winner_5_ranked,W5_M45,8,45,90.36246908,38.7243998,128.1369683,6.471738743
winner_5_ranked,W5_M46,51,46,90.36635717,38.72807763,128.2166392,6.471738743
winner_5_ranked,W5_M47,57,47,90.3842417,38.73625463,128.1331418,6.471738743
winner_5_ranked,W5_M48,29,48,90.98134569,59.0476466,110.8930744,6.311729805
winner_5_ranked,W5_M49,27,49,92.53062387,44.75452463,113.9590845,6.598957829
winner_5_ranked,W5_M50,55,50,96.88357965,44.84719137,126.5206164,6.471738743
winner_5_ranked,W5_M51,19,51,97.69881098,40.70380619,127.7896998,6.182885657
winner_5_ranked,W5_M52,30,52,102.66885,54.4704379,127.4043497,6.182885657
winner_5_ranked,W5_M53,7,53,109.0064932,45.17806858,145.8197409,6.471738743
winner_5_ranked,W5_M54,88,54,112.4888501,52.10649059,131.3055272,7.352689426
winner_5_ranked,W5_M55,89,55,125.3341317,69.43076749,128.3716763,10.33346461
winner_5_ranked,W5_M56,34,56,125.339912,69.41745344,128.4355067,10.33346461
winner_5_ranked,W5_M57,72,57,126.3405596,70.02059078,126.2708253,10.33346461
winner_5_ranked,W5_M58,64,58,127.0653822,63.83278995,128.7002316,10.33346461
winner_5_ranked,W5_M59,41,59,127.26504,63.97371078,128.4469671,10.33346461
winner_5_ranked,W5_M60,58,60,127.3622594,64.0058763,127.7167734,10.33346461
winner_5_ranked,W5_M61,78,61,134.3155984,58.20872194,148.1670146,6.471738743
winner_5_ranked,W5_M62,70,62,143.4852421,42.22805768,165.9550697,7.757092616
winner_5_ranked,W5_M63,22,63,144.7388011,82.00927095,119.6565486,10.33346461
winner_5_ranked,W5_M64,92,64,146.0518824,82.69165819,142.6836994,10.33346461
winner_5_ranked,W5_M65,77,65,148.1621702,86.35326759,121.119616,10.33346461
winner_5_ranked,W5_M66,93,66,152.125938,72.30168816,151.1008578,7.551716039
winner_5_ranked,W5_M67,52,67,153.6470855,86.74340308,123.1321286,10.33346461
winner_5_ranked,W5_M68,90,68,156.9918992,88.07372786,124.5517283,10.33346461
winner_5_ranked,W5_M69,80,69,160.2906324,57.07546454,175.7177838,7.882070478
winner_5_ranked,W5_M70,4,70,164.1122586,66.1014524,171.0705311,8.94925168
winner_5_ranked,W5_M71,17,71,182.3164652,93.81463488,160.6912502,10.35033265
winner_5_ranked,W5_M72,20,72,205.8684294,63.93771549,195.0446365,12.14096694
winner_5_ranked,W5_M73,71,73,214.0484337,97.42641016,181.2633173,7.848721759
winner_5_ranked,W5_M74,56,74,233.1590004,88.44080469,191.6411365,9.591944819
winner_5_ranked,W5_M75,43,75,267.0578913,136.8196594,225.4367281,9.988896979
winner_5_ranked,W5_M76,5,76,288.3072732,127.5314756,192.5535987,13.73897813
winner_5_ranked,W5_M77,62,77,293.4617013,164.2936279,190.0928318,9.534080549
winner_5_ranked,W5_M78,37,78,308.7569083,171.0602791,240.7411696,10.35033265
winner_5_ranked,W5_M79,38,79,309.6109036,151.4682857,252.6935332,11.39923569
winner_5_ranked,W5_M80,87,80,317.5243307,155.0130758,253.2273258,15.22037058
winner_5_ranked,W5_M81,79,81,321.8876087,151.8287238,220.6683786,10.33346461
winner_5_ranked,W5_M82,15,82,352.5121561,177.8776911,240.2883694,15.00040679
winner_5_ranked,W5_M83,11,83,354.6338586,150.35104,278.9318632,12.03130049
winner_5_ranked,W5_M84,65,84,361.1416903,179.6269341,239.1425267,15.51539309
winner_5_ranked,W5_M85,44,85,411.3696157,174.3830336,294.5169273,13.57975109
winner_5_ranked,W5_M86,14,86,411.5889093,174.5058325,295.2951344,13.57033568
winner_5_ranked,W5_M87,82,87,481.4571104,254.9344012,281.9100095,15.80447773
winner_5_ranked,W5_M88,59,88,508.3659306,223.4256685,339.6991387,21.29084471
winner_5_ranked,W5_M89,60,89,510.0653097,238.9792744,320.8622718,17.99641701
winner_5_ranked,W5_M90,50,90,510.7072924,231.0356841,349.249872,19.78997311
winner_5_ranked,W5_M91,61,91,530.6626069,218.1251614,328.7728977,19.8955101
winner_5_ranked,W5_M92,85,92,589.5377002,263.4632087,348.2553381,21.29084471
winner_5_ranked,W5_M93,1,93,664.7500762,280.9344239,414.6941232,21.29084471
winner_5_ranked,W5_M94,2,94,771.2557633,340.2015748,444.7903312,22.81081028
winner_6_ranked,W6_M1,75,1,5.548956113,6.061724282,73.319114,2.094890032
winner_6_ranked,W6_M2,88,2,5.553970122,6.065764943,73.16491297,2.094890032
winner_6_ranked,W6_M3,21,3,5.613111378,6.080820951,73.60363887,2.094890032
winner_6_ranked,W6_M4,2,4,6.599605431,6.679507656,74.03154544,2.094890032
winner_6_ranked,W6_M5,94,5,6.644157314,10.42661744,70.28269679,1.928163633
winner_6_ranked,W6_M6,51,6,9.299547693,6.914954714,76.53701575,2.796147385
winner_6_ranked,W6_M7,20,7,12.81346258,11.21609366,75.1688397,3.595438691
winner_6_ranked,W6_M8,71,8,12.98425533,11.24607769,75.20812247,3.565815413
winner_6_ranked,W6_M9,31,9,15.64375583,12.09243098,79.30343364,3.865830794
winner_6_ranked,W6_M10,5,10,17.67587299,17.75863737,71.22553781,3.565815413
winner_6_ranked,W6_M11,44,11,18.25830988,10.3718032,88.66247719,3.565815413
winner_6_ranked,W6_M12,64,12,18.34978785,11.99969727,79.25042916,3.607178814
winner_6_ranked,W6_M13,81,13,18.65122664,8.972968177,78.4207879,3.365087621
winner_6_ranked,W6_M14,41,14,19.37060959,12.47820797,81.66697337,3.565815413
winner_6_ranked,W6_M15,7,15,19.57988105,13.17620647,76.17540055,3.571389639
winner_6_ranked,W6_M16,68,16,20.08521462,11.02804426,71.70498192,3.711048561
winner_6_ranked,W6_M17,87,17,20.42120183,16.8405885,76.72263382,3.565815413
winner_6_ranked,W6_M18,54,18,21.15829754,16.37968336,78.29535282,3.565815413
winner_6_ranked,W6_M19,33,19,21.46825318,16.45862808,77.73927151,3.565815413
winner_6_ranked,W6_M20,99,20,21.47363935,16.58037951,77.2230074,3.565815413
winner_6_ranked,W6_M21,76,21,23.19231966,17.18450423,79.03492862,3.849061832
winner_6_ranked,W6_M22,17,22,23.25511946,15.14254517,80.2725455,3.851766079
winner_6_ranked,W6_M23,9,23,25.79888574,16.18477977,84.00728807,3.621635286
winner_6_ranked,W6_M24,62,24,26.31060337,21.70168933,76.69172095,3.565815413
winner_6_ranked,W6_M25,60,25,26.87363936,15.05725997,82.77065307,5.142950805
winner_6_ranked,W6_M26,12,26,26.88022367,15.05622006,82.62737492,5.142950805
winner_6_ranked,W6_M27,73,27,27.17977128,17.32209429,81.72508054,3.855190672
winner_6_ranked,W6_M28,92,28,27.20853647,22.87358803,85.44320655,3.641044788
winner_6_ranked,W6_M29,56,29,28.53704234,18.42924987,82.99514198,3.565815413
winner_6_ranked,W6_M30,53,30,29.68267717,23.55782441,76.84025761,3.694781032
winner_6_ranked,W6_M31,6,31,29.71945168,19.89241037,87.29760755,3.852749862
winner_6_ranked,W6_M32,25,32,30.24829741,22.51237917,82.92481338,3.565815413
winner_6_ranked,W6_M33,86,33,31.28486308,19.10252798,82.69519221,3.855354953
winner_6_ranked,W6_M34,69,34,31.75178564,16.87981503,87.47757141,4.854015787
winner_6_ranked,W6_M35,26,35,33.43099143,11.30067374,94.59644473,3.905711608
winner_6_ranked,W6_M36,59,36,34.20468379,14.236737,91.40570153,3.874047566
winner_6_ranked,W6_M37,45,37,35.93450821,19.46687085,85.37750099,4.118983365
winner_6_ranked,W6_M38,97,38,36.79145174,20.0890935,82.2197172,5.142950805
winner_6_ranked,W6_M39,82,39,39.22232655,19.78115325,83.63154803,4.868298548
winner_6_ranked,W6_M40,84,40,40.05084246,16.58767903,89.06934968,4.902074847
winner_6_ranked,W6_M41,85,41,40.1241427,22.73259069,88.60786002,4.929265797
winner_6_ranked,W6_M42,42,42,42.89599244,25.7561074,94.38863898,5.234536367
winner_6_ranked,W6_M43,3,43,43.53588232,25.02272136,92.69128091,3.721815945
winner_6_ranked,W6_M44,35,44,43.97604448,23.66382319,91.76374528,4.814915562
winner_6_ranked,W6_M45,83,45,44.82239526,26.31307037,94.63130535,5.234536367
winner_6_ranked,W6_M46,13,46,45.10988169,20.18132705,92.35319657,4.840788712
winner_6_ranked,W6_M47,1,47,45.46022416,21.07079933,97.77373782,5.692181553
winner_6_ranked,W6_M48,67,48,46.73098752,32.30809636,90.59088645,5.234536367
winner_6_ranked,W6_M49,46,49,46.82981428,26.27919312,94.90782674,5.086313109
winner_6_ranked,W6_M50,98,50,46.90584926,21.56367049,107.6411943,5.142950805
winner_6_ranked,W6_M51,89,51,47.67716927,20.57725439,106.5058388,3.733515918
winner_6_ranked,W6_M52,29,52,48.19742066,23.41976467,97.00550593,5.692181553
winner_6_ranked,W6_M53,32,53,48.20257495,23.43944838,97.66653507,5.692181553
winner_6_ranked,W6_M54,27,54,48.59561971,27.03874448,93.53985499,4.770457227
winner_6_ranked,W6_M55,74,55,48.84183781,24.4013531,106.8150034,5.142950805
winner_6_ranked,W6_M56,38,56,49.2897078,20.42452691,110.0743471,6.182885657
winner_6_ranked,W6_M57,79,57,49.36145588,20.7790468,106.3315503,6.182885657
winner_6_ranked,W6_M58,18,58,49.44761951,21.09820184,106.8219339,6.182885657
winner_6_ranked,W6_M59,66,59,49.93134393,26.09906724,99.69404814,6.182885657
winner_6_ranked,W6_M60,100,60,50.29823928,20.32662419,104.0112245,6.026646166
winner_6_ranked,W6_M61,58,61,50.5979735,26.25275546,101.048666,6.182885657
winner_6_ranked,W6_M62,95,62,51.15473185,27.61323249,97.30987531,6.182885657
winner_6_ranked,W6_M63,24,63,51.68651518,27.60157736,97.74196495,6.182885657
winner_6_ranked,W6_M64,43,64,51.95865113,27.73526031,98.7508755,6.182885657
winner_6_ranked,W6_M65,63,65,56.69409884,29.90080962,101.4222829,6.182885657
winner_6_ranked,W6_M66,93,66,57.88453969,35.87175315,97.03674142,6.182885657
winner_6_ranked,W6_M67,48,67,59.65931545,41.47141565,94.35882935,7.204819301
winner_6_ranked,W6_M68,4,68,60.15339288,29.01771053,106.9384629,6.182885657
winner_6_ranked,W6_M69,70,69,61.07677238,29.02047317,104.364681,7.15720027
winner_6_ranked,W6_M70,22,70,61.16929144,25.67854118,118.908651,6.182885657
winner_6_ranked,W6_M71,78,71,61.18931209,25.99209251,115.6090431,6.182885657
winner_6_ranked,W6_M72,40,72,61.19423761,26.01531675,115.659595,6.182885657
winner_6_ranked,W6_M73,49,73,61.40720109,27.34360835,115.7666277,6.182885657
winner_6_ranked,W6_M74,8,74,61.4800792,26.15212697,114.7726832,6.182885657
winner_6_ranked,W6_M75,37,75,61.79502213,30.65450389,107.3523783,6.182885657
winner_6_ranked,W6_M76,57,76,61.84577508,30.67654114,107.5366729,6.182885657
winner_6_ranked,W6_M77,28,77,62.12112596,30.83598261,106.5216599,6.182885657
winner_6_ranked,W6_M78,61,78,62.1973785,30.34294246,111.1053582,6.182885657
winner_6_ranked,W6_M79,23,79,62.40820242,30.04730468,109.6806511,6.182885657
winner_6_ranked,W6_M80,77,80,62.87459742,31.28352063,113.7930619,6.182885657
winner_6_ranked,W6_M81,36,81,62.92116995,26.36704851,112.3807852,6.012707807
winner_6_ranked,W6_M82,34,82,63.22335913,30.6267961,105.0097817,5.519355983
winner_6_ranked,W6_M83,72,83,63.67106724,29.63185086,101.8617423,6.471738743
winner_6_ranked,W6_M84,19,84,66.312034,38.97331788,95.11930981,5.991987151
winner_6_ranked,W6_M85,52,85,68.98773729,30.32434275,106.4317588,6.182885657
winner_6_ranked,W6_M86,55,86,71.12704454,23.98044119,112.1471488,5.936052544
winner_6_ranked,W6_M87,16,87,74.43126966,33.93368067,117.2388547,6.182885657
winner_6_ranked,W6_M88,30,88,78.05392621,38.76504933,108.3704192,6.425782686
winner_6_ranked,W6_M89,39,89,80.77413455,32.54087322,120.7854327,6.182885657
winner_6_ranked,W6_M90,50,90,81.40629779,29.14668777,131.3748718,6.471738743
winner_6_ranked,W6_M91,15,91,81.77182005,36.21101216,133.6935006,7.120648546
winner_6_ranked,W6_M92,14,92,93.09863851,42.27762582,128.395162,5.314103206
winner_6_ranked,W6_M93,96,93,107.6204486,61.732415,114.1126354,7.204819301
winner_6_ranked,W6_M94,11,94,117.5185885,44.27031464,147.5094876,6.471738743
winner_6_ranked,W6_M95,80,95,132.615775,77.87071592,126.059779,9.944222507
winner_6_ranked,W6_M96,10,96,149.5542667,91.65619538,120.9782916,10.33346461
winner_6_ranked,W6_M97,47,97,164.3646431,78.05551097,167.372664,11.10127117
winner_6_ranked,W6_M98,91,98,203.121184,110.3270406,151.9408457,8.098852214
winner_6_ranked,W6_M99,65,99,221.0122456,100.5165175,198.0191257,11.67835849
winner_6_ranked,W6_M100,90,100,306.4811994,123.1536617,285.0493594,16.68682059
