model1,model2,p_emp
W2_M1,W2_M2,0.019801980198019802
W2_M1,W2_M3,0.039603960396039604
W2_M1,W2_M4,0.019801980198019802
W2_M1,W2_M5,0.019801980198019802
W2_M1,W2_M6,0.019801980198019802
W2_M1,W2_M7,0.019801980198019802
W2_M1,W2_M8,0.019801980198019802
W2_M1,W2_M9,0.019801980198019802
W2_M1,W2_M10,0.019801980198019802
W2_M1,W2_M11,0.019801980198019802
W2_M1,W2_M12,0.019801980198019802
W2_M1,W2_M13,0.019801980198019802
W2_M1,W2_M14,0.019801980198019802
W2_M1,W2_M15,0.019801980198019802
W2_M1,W2_M16,0.019801980198019802
W2_M1,W2_M17,0.019801980198019802
W2_M1,W2_M18,0.019801980198019802
W2_M1,W2_M19,0.019801980198019802
W2_M1,W2_M20,0.019801980198019802
W2_M2,W2_M3,0.43564356435643564
W2_M2,W2_M4,0.019801980198019802
W2_M2,W2_M5,0.019801980198019802
W2_M2,W2_M6,0.019801980198019802
W2_M2,W2_M7,0.019801980198019802
W2_M2,W2_M8,0.019801980198019802
W2_M2,W2_M9,0.019801980198019802
W2_M2,W2_M10,0.019801980198019802
W2_M2,W2_M11,0.019801980198019802
W2_M2,W2_M12,0.019801980198019802
W2_M2,W2_M13,0.019801980198019802
W2_M2,W2_M14,0.019801980198019802
W2_M2,W2_M15,0.019801980198019802
W2_M2,W2_M16,0.019801980198019802
W2_M2,W2_M17,0.019801980198019802
W2_M2,W2_M18,0.019801980198019802
W2_M2,W2_M19,0.019801980198019802
W2_M2,W2_M20,0.019801980198019802
W2_M3,W2_M4,0.0594059405940594
W2_M3,W2_M5,0.019801980198019802
W2_M3,W2_M6,0.019801980198019802
W2_M3,W2_M7,0.019801980198019802
W2_M3,W2_M8,0.019801980198019802
W2_M3,W2_M9,0.019801980198019802
W2_M3,W2_M10,0.019801980198019802
W2_M3,W2_M11,0.019801980198019802
W2_M3,W2_M12,0.019801980198019802
W2_M3,W2_M13,0.019801980198019802
W2_M3,W2_M14,0.019801980198019802
W2_M3,W2_M15,0.019801980198019802
W2_M3,W2_M16,0.019801980198019802
W2_M3,W2_M17,0.019801980198019802
W2_M3,W2_M18,0.019801980198019802
W2_M3,W2_M19,0.019801980198019802
W2_M3,W2_M20,0.019801980198019802
W2_M4,W2_M5,0.039603960396039604
W2_M4,W2_M6,0.6138613861386139
W2_M4,W2_M7,0.4752475247524752
W2_M4,W2_M8,0.15841584158415842
W2_M4,W2_M9,0.019801980198019802
W2_M4,W2_M10,0.019801980198019802
W2_M4,W2_M11,0.019801980198019802
W2_M4,W2_M12,0.019801980198019802
W2_M4,W2_M13,0.019801980198019802
W2_M4,W2_M14,0.019801980198019802
W2_M4,W2_M15,0.019801980198019802
W2_M4,W2_M16,0.019801980198019802
W2_M4,W2_M17,0.019801980198019802
W2_M4,W2_M18,0.019801980198019802
W2_M4,W2_M19,0.019801980198019802
W2_M4,W2_M20,0.019801980198019802
W2_M5,W2_M6,1.00990099009901
W2_M5,W2_M7,0.9900990099009901
W2_M5,W2_M8,0.6138613861386139
W2_M5,W2_M9,0.019801980198019802
W2_M5,W2_M10,0.019801980198019802
W2_M5,W2_M11,0.019801980198019802
W2_M5,W2_M12,0.019801980198019802
W2_M5,W2_M13,0.019801980198019802
W2_M5,W2_M14,0.019801980198019802
W2_M5,W2_M15,0.019801980198019802
W2_M5,W2_M16,0.019801980198019802
W2_M5,W2_M17,0.019801980198019802
W2_M5,W2_M18,0.019801980198019802
W2_M5,W2_M19,0.019801980198019802
W2_M5,W2_M20,0.019801980198019802
W2_M6,W2_M7,0.7524752475247525
W2_M6,W2_M8,0.5346534653465347
W2_M6,W2_M9,0.019801980198019802
W2_M6,W2_M10,0.019801980198019802
W2_M6,W2_M11,0.019801980198019802
W2_M6,W2_M12,0.019801980198019802
W2_M6,W2_M13,0.019801980198019802
W2_M6,W2_M14,0.019801980198019802
W2_M6,W2_M15,0.019801980198019802
W2_M6,W2_M16,0.019801980198019802
W2_M6,W2_M17,0.019801980198019802
W2_M6,W2_M18,0.019801980198019802
W2_M6,W2_M19,0.019801980198019802
W2_M6,W2_M20,0.019801980198019802
W2_M7,W2_M8,0.6336633663366337
W2_M7,W2_M9,0.019801980198019802
W2_M7,W2_M10,0.019801980198019802
W2_M7,W2_M11,0.019801980198019802
W2_M7,W2_M12,0.019801980198019802
W2_M7,W2_M13,0.019801980198019802
W2_M7,W2_M14,0.019801980198019802
W2_M7,W2_M15,0.019801980198019802
W2_M7,W2_M16,0.019801980198019802
W2_M7,W2_M17,0.019801980198019802
W2_M7,W2_M18,0.019801980198019802
W2_M7,W2_M19,0.019801980198019802
W2_M7,W2_M20,0.019801980198019802
W2_M8,W2_M9,0.019801980198019802
W2_M8,W2_M10,0.019801980198019802
W2_M8,W2_M11,0.019801980198019802
W2_M8,W2_M12,0.019801980198019802
W2_M8,W2_M13,0.019801980198019802
W2_M8,W2_M14,0.019801980198019802
W2_M8,W2_M15,0.019801980198019802
W2_M8,W2_M16,0.019801980198019802
W2_M8,W2_M17,0.019801980198019802
W2_M8,W2_M18,0.019801980198019802
W2_M8,W2_M19,0.019801980198019802
W2_M8,W2_M20,0.019801980198019802
W2_M9,W2_M10,0.37623762376237624
W2_M9,W2_M11,0.019801980198019802
W2_M9,W2_M12,0.019801980198019802
W2_M9,W2_M13,0.019801980198019802
W2_M9,W2_M14,0.019801980198019802
W2_M9,W2_M15,0.019801980198019802
W2_M9,W2_M16,0.019801980198019802
W2_M9,W2_M17,0.019801980198019802
W2_M9,W2_M18,0.019801980198019802
W2_M9,W2_M19,0.019801980198019802
W2_M9,W2_M20,0.019801980198019802
W2_M10,W2_M11,0.0594059405940594
W2_M10,W2_M12,0.019801980198019802
W2_M10,W2_M13,0.019801980198019802
W2_M10,W2_M14,0.0594059405940594
W2_M10,W2_M15,0.039603960396039604
W2_M10,W2_M16,0.0594059405940594
W2_M10,W2_M17,0.039603960396039604
W2_M10,W2_M18,0.019801980198019802
W2_M10,W2_M19,0.019801980198019802
W2_M10,W2_M20,0.019801980198019802
W2_M11,W2_M12,0.9504950495049505
W2_M11,W2_M13,0.7722772277227723
W2_M11,W2_M14,0.8910891089108911
W2_M11,W2_M15,0.5148514851485149
W2_M11,W2_M16,0.693069306930693
W2_M11,W2_M17,0.21782178217821782
W2_M11,W2_M18,0.21782178217821782
W2_M11,W2_M19,0.019801980198019802
W2_M11,W2_M20,0.019801980198019802
W2_M12,W2_M13,0.5742574257425742
W2_M12,W2_M14,0.6534653465346535
W2_M12,W2_M15,0.5148514851485149
W2_M12,W2_M16,0.8118811881188119
W2_M12,W2_M17,0.37623762376237624
W2_M12,W2_M18,0.13861386138613863
W2_M12,W2_M19,0.0594059405940594
W2_M12,W2_M20,0.019801980198019802
W2_M13,W2_M14,0.039603960396039604
W2_M13,W2_M15,0.594059405940594
W2_M13,W2_M16,0.7920792079207921
W2_M13,W2_M17,0.019801980198019802
W2_M13,W2_M18,0.1188118811881188
W2_M13,W2_M19,0.0594059405940594
W2_M13,W2_M20,0.019801980198019802
W2_M14,W2_M15,0.0594059405940594
W2_M14,W2_M16,0.019801980198019802
W2_M14,W2_M17,0.019801980198019802
W2_M14,W2_M18,0.019801980198019802
W2_M14,W2_M19,0.019801980198019802
W2_M14,W2_M20,0.019801980198019802
W2_M15,W2_M16,0.9504950495049505
W2_M15,W2_M17,0.07920792079207921
W2_M15,W2_M18,0.1782178217821782
W2_M15,W2_M19,0.019801980198019802
W2_M15,W2_M20,0.019801980198019802
W2_M16,W2_M17,0.1188118811881188
W2_M16,W2_M18,0.039603960396039604
W2_M16,W2_M19,0.0594059405940594
W2_M16,W2_M20,0.019801980198019802
W2_M17,W2_M18,0.5148514851485149
W2_M17,W2_M19,0.25742574257425743
W2_M17,W2_M20,0.019801980198019802
W2_M18,W2_M19,0.5346534653465347
W2_M18,W2_M20,0.019801980198019802
W2_M19,W2_M20,0.019801980198019802
W2_M2,W2_M1,0.019801980198019802
W2_M3,W2_M1,0.039603960396039604
W2_M4,W2_M1,0.019801980198019802
W2_M5,W2_M1,0.019801980198019802
W2_M6,W2_M1,0.019801980198019802
W2_M7,W2_M1,0.019801980198019802
W2_M8,W2_M1,0.019801980198019802
W2_M9,W2_M1,0.019801980198019802
W2_M10,W2_M1,0.019801980198019802
W2_M11,W2_M1,0.019801980198019802
W2_M12,W2_M1,0.019801980198019802
W2_M13,W2_M1,0.019801980198019802
W2_M14,W2_M1,0.019801980198019802
W2_M15,W2_M1,0.019801980198019802
W2_M16,W2_M1,0.019801980198019802
W2_M17,W2_M1,0.019801980198019802
W2_M18,W2_M1,0.019801980198019802
W2_M19,W2_M1,0.019801980198019802
W2_M20,W2_M1,0.019801980198019802
W2_M3,W2_M2,0.43564356435643564
W2_M4,W2_M2,0.019801980198019802
W2_M5,W2_M2,0.019801980198019802
W2_M6,W2_M2,0.019801980198019802
W2_M7,W2_M2,0.019801980198019802
W2_M8,W2_M2,0.019801980198019802
W2_M9,W2_M2,0.019801980198019802
W2_M10,W2_M2,0.019801980198019802
W2_M11,W2_M2,0.019801980198019802
W2_M12,W2_M2,0.019801980198019802
W2_M13,W2_M2,0.019801980198019802
W2_M14,W2_M2,0.019801980198019802
W2_M15,W2_M2,0.019801980198019802
W2_M16,W2_M2,0.019801980198019802
W2_M17,W2_M2,0.019801980198019802
W2_M18,W2_M2,0.019801980198019802
W2_M19,W2_M2,0.019801980198019802
W2_M20,W2_M2,0.019801980198019802
W2_M4,W2_M3,0.0594059405940594
W2_M5,W2_M3,0.019801980198019802
W2_M6,W2_M3,0.019801980198019802
W2_M7,W2_M3,0.019801980198019802
W2_M8,W2_M3,0.019801980198019802
W2_M9,W2_M3,0.019801980198019802
W2_M10,W2_M3,0.019801980198019802
W2_M11,W2_M3,0.019801980198019802
W2_M12,W2_M3,0.019801980198019802
W2_M13,W2_M3,0.019801980198019802
W2_M14,W2_M3,0.019801980198019802
W2_M15,W2_M3,0.019801980198019802
W2_M16,W2_M3,0.019801980198019802
W2_M17,W2_M3,0.019801980198019802
W2_M18,W2_M3,0.019801980198019802
W2_M19,W2_M3,0.019801980198019802
W2_M20,W2_M3,0.019801980198019802
W2_M5,W2_M4,0.039603960396039604
W2_M6,W2_M4,0.6138613861386139
W2_M7,W2_M4,0.4752475247524752
W2_M8,W2_M4,0.15841584158415842
W2_M9,W2_M4,0.019801980198019802
W2_M10,W2_M4,0.019801980198019802
W2_M11,W2_M4,0.019801980198019802
W2_M12,W2_M4,0.019801980198019802
W2_M13,W2_M4,0.019801980198019802
W2_M14,W2_M4,0.019801980198019802
W2_M15,W2_M4,0.019801980198019802
W2_M16,W2_M4,0.019801980198019802
W2_M17,W2_M4,0.019801980198019802
W2_M18,W2_M4,0.019801980198019802
W2_M19,W2_M4,0.019801980198019802
W2_M20,W2_M4,0.019801980198019802
W2_M6,W2_M5,1.00990099009901
W2_M7,W2_M5,0.9900990099009901
W2_M8,W2_M5,0.6138613861386139
W2_M9,W2_M5,0.019801980198019802
W2_M10,W2_M5,0.019801980198019802
W2_M11,W2_M5,0.019801980198019802
W2_M12,W2_M5,0.019801980198019802
W2_M13,W2_M5,0.019801980198019802
W2_M14,W2_M5,0.019801980198019802
W2_M15,W2_M5,0.019801980198019802
W2_M16,W2_M5,0.019801980198019802
W2_M17,W2_M5,0.019801980198019802
W2_M18,W2_M5,0.019801980198019802
W2_M19,W2_M5,0.019801980198019802
W2_M20,W2_M5,0.019801980198019802
W2_M7,W2_M6,0.7524752475247525
W2_M8,W2_M6,0.5346534653465347
W2_M9,W2_M6,0.019801980198019802
W2_M10,W2_M6,0.019801980198019802
W2_M11,W2_M6,0.019801980198019802
W2_M12,W2_M6,0.019801980198019802
W2_M13,W2_M6,0.019801980198019802
W2_M14,W2_M6,0.019801980198019802
W2_M15,W2_M6,0.019801980198019802
W2_M16,W2_M6,0.019801980198019802
W2_M17,W2_M6,0.019801980198019802
W2_M18,W2_M6,0.019801980198019802
W2_M19,W2_M6,0.019801980198019802
W2_M20,W2_M6,0.019801980198019802
W2_M8,W2_M7,0.6336633663366337
W2_M9,W2_M7,0.019801980198019802
W2_M10,W2_M7,0.019801980198019802
W2_M11,W2_M7,0.019801980198019802
W2_M12,W2_M7,0.019801980198019802
W2_M13,W2_M7,0.019801980198019802
W2_M14,W2_M7,0.019801980198019802
W2_M15,W2_M7,0.019801980198019802
W2_M16,W2_M7,0.019801980198019802
W2_M17,W2_M7,0.019801980198019802
W2_M18,W2_M7,0.019801980198019802
W2_M19,W2_M7,0.019801980198019802
W2_M20,W2_M7,0.019801980198019802
W2_M9,W2_M8,0.019801980198019802
W2_M10,W2_M8,0.019801980198019802
W2_M11,W2_M8,0.019801980198019802
W2_M12,W2_M8,0.019801980198019802
W2_M13,W2_M8,0.019801980198019802
W2_M14,W2_M8,0.019801980198019802
W2_M15,W2_M8,0.019801980198019802
W2_M16,W2_M8,0.019801980198019802
W2_M17,W2_M8,0.019801980198019802
W2_M18,W2_M8,0.019801980198019802
W2_M19,W2_M8,0.019801980198019802
W2_M20,W2_M8,0.019801980198019802
W2_M10,W2_M9,0.37623762376237624
W2_M11,W2_M9,0.019801980198019802
W2_M12,W2_M9,0.019801980198019802
W2_M13,W2_M9,0.019801980198019802
W2_M14,W2_M9,0.019801980198019802
W2_M15,W2_M9,0.019801980198019802
W2_M16,W2_M9,0.019801980198019802
W2_M17,W2_M9,0.019801980198019802
W2_M18,W2_M9,0.019801980198019802
W2_M19,W2_M9,0.019801980198019802
W2_M20,W2_M9,0.019801980198019802
W2_M11,W2_M10,0.0594059405940594
W2_M12,W2_M10,0.019801980198019802
W2_M13,W2_M10,0.019801980198019802
W2_M14,W2_M10,0.0594059405940594
W2_M15,W2_M10,0.039603960396039604
W2_M16,W2_M10,0.0594059405940594
W2_M17,W2_M10,0.039603960396039604
W2_M18,W2_M10,0.019801980198019802
W2_M19,W2_M10,0.019801980198019802
W2_M20,W2_M10,0.019801980198019802
W2_M12,W2_M11,0.9504950495049505
W2_M13,W2_M11,0.7722772277227723
W2_M14,W2_M11,0.8910891089108911
W2_M15,W2_M11,0.5148514851485149
W2_M16,W2_M11,0.693069306930693
W2_M17,W2_M11,0.21782178217821782
W2_M18,W2_M11,0.21782178217821782
W2_M19,W2_M11,0.019801980198019802
W2_M20,W2_M11,0.019801980198019802
W2_M13,W2_M12,0.5742574257425742
W2_M14,W2_M12,0.6534653465346535
W2_M15,W2_M12,0.5148514851485149
W2_M16,W2_M12,0.8118811881188119
W2_M17,W2_M12,0.37623762376237624
W2_M18,W2_M12,0.13861386138613863
W2_M19,W2_M12,0.0594059405940594
W2_M20,W2_M12,0.019801980198019802
W2_M14,W2_M13,0.039603960396039604
W2_M15,W2_M13,0.594059405940594
W2_M16,W2_M13,0.7920792079207921
W2_M17,W2_M13,0.019801980198019802
W2_M18,W2_M13,0.1188118811881188
W2_M19,W2_M13,0.0594059405940594
W2_M20,W2_M13,0.019801980198019802
W2_M15,W2_M14,0.0594059405940594
W2_M16,W2_M14,0.019801980198019802
W2_M17,W2_M14,0.019801980198019802
W2_M18,W2_M14,0.019801980198019802
W2_M19,W2_M14,0.019801980198019802
W2_M20,W2_M14,0.019801980198019802
W2_M16,W2_M15,0.9504950495049505
W2_M17,W2_M15,0.07920792079207921
W2_M18,W2_M15,0.1782178217821782
W2_M19,W2_M15,0.019801980198019802
W2_M20,W2_M15,0.019801980198019802
W2_M17,W2_M16,0.1188118811881188
W2_M18,W2_M16,0.039603960396039604
W2_M19,W2_M16,0.0594059405940594
W2_M20,W2_M16,0.019801980198019802
W2_M18,W2_M17,0.5148514851485149
W2_M19,W2_M17,0.25742574257425743
W2_M20,W2_M17,0.019801980198019802
W2_M19,W2_M18,0.5346534653465347
W2_M20,W2_M18,0.019801980198019802
W2_M20,W2_M19,0.019801980198019802
W2_M1,W2_M1,NA
W2_M2,W2_M2,NA
W2_M3,W2_M3,NA
W2_M4,W2_M4,NA
W2_M5,W2_M5,NA
W2_M6,W2_M6,NA
W2_M7,W2_M7,NA
W2_M8,W2_M8,NA
W2_M9,W2_M9,NA
W2_M10,W2_M10,NA
W2_M11,W2_M11,NA
W2_M12,W2_M12,NA
W2_M13,W2_M13,NA
W2_M14,W2_M14,NA
W2_M15,W2_M15,NA
W2_M16,W2_M16,NA
W2_M17,W2_M17,NA
W2_M18,W2_M18,NA
W2_M19,W2_M19,NA
W2_M20,W2_M20,NA
